"id1","id2","time"
2,1,1
3,2,1
3,1,1
4,3,1
4,2,1
4,1,1
5,4,1
5,3,1
5,2,1
5,1,1
6,5,1
6,4,1
6,3,1
6,2,1
6,1,1
7,6,1
7,5,1
7,4,1
7,3,1
7,2,1
7,1,1
8,7,1
8,6,1
8,5,1
8,4,1
8,3,1
8,2,1
8,1,1
9,1,2
9,2,2
9,3,2
9,4,2
9,5,2
9,6,2
9,7,2
9,8,2
10,2,3
10,3,3
10,4,3
10,5,3
10,6,3
10,7,3
10,8,3
10,9,3
11,1,4
11,2,4
11,4,4
11,5,4
11,6,4
11,7,4
11,8,4
11,10,4
12,1,5
12,2,5
12,3,5
12,4,5
12,5,5
12,7,5
12,9,5
12,11,5
13,1,6
13,2,6
13,3,6
13,4,6
13,5,6
13,6,6
13,11,6
13,12,6
14,1,7
14,2,7
14,3,7
14,5,7
14,8,7
14,11,7
14,12,7
14,13,7
15,1,8
15,2,8
15,4,8
15,5,8
15,6,8
15,9,8
15,10,8
15,11,8
16,1,9
16,2,9
16,6,9
16,7,9
16,8,9
16,9,9
16,11,9
16,12,9
17,2,10
17,4,10
17,7,10
17,8,10
17,11,10
17,12,10
17,13,10
17,14,10
18,2,11
18,3,11
18,6,11
18,12,11
18,13,11
18,15,11
18,16,11
18,17,11
19,3,12
19,6,12
19,9,12
19,10,12
19,11,12
19,12,12
19,14,12
19,18,12
20,3,13
20,4,13
20,8,13
20,10,13
20,11,13
20,15,13
20,16,13
20,17,13
21,2,14
21,4,14
21,6,14
21,8,14
21,10,14
21,11,14
21,12,14
21,14,14
22,2,15
22,6,15
22,11,15
22,12,15
22,16,15
22,17,15
22,18,15
22,20,15
23,2,16
23,3,16
23,4,16
23,7,16
23,8,16
23,12,16
23,13,16
23,19,16
24,6,17
24,7,17
24,8,17
24,12,17
24,15,17
24,18,17
24,22,17
24,23,17
25,4,18
25,6,18
25,8,18
25,11,18
25,12,18
25,17,18
25,21,18
25,23,18
26,3,19
26,5,19
26,7,19
26,10,19
26,12,19
26,13,19
26,21,19
26,25,19
27,1,20
27,4,20
27,5,20
27,7,20
27,12,20
27,18,20
27,19,20
27,20,20
28,4,21
28,5,21
28,8,21
28,10,21
28,12,21
28,13,21
28,14,21
28,17,21
29,6,22
29,10,22
29,14,22
29,15,22
29,18,22
29,19,22
29,24,22
29,28,22
30,1,23
30,10,23
30,12,23
30,16,23
30,19,23
30,23,23
30,24,23
30,28,23
31,7,24
31,8,24
31,10,24
31,13,24
31,21,24
31,26,24
31,29,24
31,30,24
32,1,25
32,3,25
32,9,25
32,21,25
32,22,25
32,25,25
32,27,25
32,29,25
33,6,26
33,7,26
33,9,26
33,14,26
33,17,26
33,18,26
33,22,26
33,29,26
34,2,27
34,3,27
34,5,27
34,13,27
34,19,27
34,21,27
34,23,27
34,27,27
35,4,28
35,5,28
35,15,28
35,16,28
35,17,28
35,18,28
35,19,28
35,23,28
36,4,29
36,10,29
36,11,29
36,13,29
36,19,29
36,23,29
36,29,29
36,30,29
37,32,30
37,1,30
37,2,30
37,8,30
37,16,30
37,17,30
37,23,30
37,30,30
38,1,31
38,3,31
38,4,31
38,10,31
38,11,31
38,27,31
38,28,31
38,31,31
39,19,32
39,33,32
39,35,32
39,5,32
39,16,32
39,3,32
39,25,32
39,30,32
40,33,33
40,4,33
40,12,33
40,15,33
40,17,33
40,20,33
40,22,33
40,28,33
41,2,34
41,37,34
41,6,34
41,40,34
41,12,34
41,14,34
41,26,34
41,31,34
42,36,35
42,37,35
42,38,35
42,40,35
42,12,35
42,16,35
42,23,35
42,26,35
43,2,36
43,35,36
43,4,36
43,10,36
43,12,36
43,14,36
43,15,36
43,27,36
44,1,37
44,34,37
44,9,37
44,12,37
44,2,37
44,18,37
44,26,37
44,30,37
45,37,38
45,6,38
45,39,38
45,43,38
45,18,38
45,21,38
45,23,38
45,31,38
46,33,39
46,34,39
46,3,39
46,36,39
46,40,39
46,22,39
46,29,39
46,31,39
47,35,40
47,36,40
47,5,40
47,38,40
47,39,40
47,40,40
47,16,40
47,29,40
48,6,41
48,40,41
48,41,41
48,42,41
48,8,41
48,20,41
48,28,41
48,30,41
49,34,42
49,36,42
49,39,42
49,40,42
49,9,42
49,11,42
49,47,42
49,17,42
50,48,43
50,35,43
50,5,43
50,9,43
50,45,43
50,13,43
50,16,43
50,47,43
51,2,44
51,37,44
51,7,44
51,8,44
51,18,44
51,20,44
51,24,44
51,5,44
52,4,45
52,8,45
52,17,45
52,18,45
52,20,45
52,22,45
52,23,45
52,29,45
53,34,46
53,4,46
53,37,46
53,2,46
53,46,46
53,22,46
53,28,46
53,31,46
54,33,47
54,5,47
54,11,47
54,12,47
54,13,47
54,14,47
54,20,47
54,53,47
55,2,48
55,3,48
55,39,48
55,44,48
55,13,48
55,15,48
55,48,48
55,23,48
56,35,49
56,38,49
56,39,49
56,9,49
56,43,49
56,7,49
56,28,49
56,29,49
57,7,50
57,15,50
57,16,50
57,49,50
57,20,50
57,23,50
57,52,50
57,31,50
58,34,51
58,43,51
58,12,51
58,13,51
58,14,51
58,48,51
58,24,51
58,30,51
59,41,52
59,12,52
59,14,52
59,18,52
59,51,52
59,52,52
59,53,52
59,58,52
60,6,53
60,41,53
60,45,53
60,46,53
60,48,53
60,49,53
60,19,53
60,59,53
61,33,54
61,34,54
61,36,54
61,7,54
61,9,54
61,43,54
61,18,54
61,31,54
62,6,55
62,7,55
62,9,55
62,45,55
62,48,55
62,51,55
62,54,55
62,59,55
63,1,56
63,38,56
63,45,56
63,14,56
63,21,56
63,54,56
63,28,56
63,30,56
64,7,57
64,8,57
64,47,57
64,19,57
64,21,57
64,23,57
64,56,57
64,27,57
65,13,58
65,49,58
65,19,58
65,55,58
65,58,58
65,28,58
65,61,58
65,62,58
66,33,59
66,35,59
66,21,59
66,23,59
66,58,59
66,28,59
66,62,59
66,53,59
67,33,60
67,6,60
67,7,60
67,40,60
67,45,60
67,14,60
67,53,60
67,28,60
68,3,61
68,9,61
68,42,61
68,24,61
68,52,61
68,56,61
68,59,61
68,28,61
69,64,62
69,33,62
69,6,62
69,8,62
69,43,62
69,16,62
69,57,62
69,58,62
70,54,63
70,38,63
70,53,63
70,22,63
70,23,63
70,24,63
70,6,63
70,37,63
71,2,64
71,35,64
71,37,64
71,39,64
71,7,64
71,49,64
71,50,64
71,26,64
72,33,65
72,68,65
72,5,65
72,65,65
72,15,65
72,49,65
72,21,65
72,24,65
73,67,66
73,14,66
73,16,66
73,51,66
73,20,66
73,56,66
73,29,66
73,30,66
74,35,67
74,5,67
74,38,67
74,40,67
74,44,67
74,19,67
74,53,67
74,69,67
75,32,68
75,36,68
75,6,68
75,28,68
75,44,68
75,15,68
75,54,68
75,60,68
76,64,69
76,5,69
76,73,69
76,74,69
76,45,69
76,46,69
76,57,69
76,61,69
77,32,70
77,65,70
77,59,70
77,71,70
77,41,70
77,17,70
77,27,70
77,62,70
78,3,71
78,37,71
78,70,71
78,40,71
78,73,71
78,43,71
78,56,71
78,5,71
79,66,72
79,72,72
79,11,72
79,45,72
79,16,72
79,53,72
79,23,72
79,26,72
80,65,73
80,2,73
80,4,73
80,7,73
80,41,73
80,78,73
80,53,73
80,61,73
81,67,74
81,4,74
81,71,74
81,9,74
81,35,74
81,56,74
81,58,74
81,26,74
82,35,75
82,37,75
82,38,75
82,40,75
82,12,75
82,13,75
82,52,75
82,57,75
83,32,76
83,3,76
83,7,76
83,11,76
83,45,76
83,49,76
83,20,76
83,59,76
84,65,77
84,66,77
84,35,77
84,14,77
84,79,77
84,49,77
84,82,77
84,60,77
85,64,78
85,69,78
85,41,78
85,75,78
85,47,78
85,81,78
85,73,78
85,15,78
86,66,79
86,67,79
86,36,79
86,10,79
86,81,79
86,83,79
86,27,79
86,61,79
87,64,80
87,37,80
87,40,80
87,11,80
87,13,80
87,46,80
87,81,80
87,26,80
88,32,81
88,33,81
88,38,81
88,1,81
88,47,81
88,48,81
88,49,81
88,50,81
89,34,82
89,67,82
89,40,82
89,44,82
89,13,82
89,14,82
89,84,82
89,78,82
90,1,83
90,76,83
90,45,83
90,80,83
90,17,83
90,52,83
90,58,83
90,61,83
91,5,84
91,78,84
91,79,84
91,83,84
91,85,84
91,22,84
91,56,84
91,27,84
92,67,85
92,5,85
92,40,85
92,74,85
92,44,85
92,87,85
92,61,85
92,37,85
93,64,86
93,1,86
93,7,86
93,9,86
93,10,86
93,47,86
93,27,86
93,61,86
94,64,87
94,41,87
94,78,87
94,15,87
94,82,87
94,87,87
94,26,87
94,29,87
95,3,88
95,73,88
95,76,88
95,17,88
95,19,88
95,91,88
95,94,88
95,63,88
96,32,89
96,65,89
96,9,89
96,76,89
96,84,89
96,53,89
96,87,89
96,52,89
97,38,90
97,8,90
97,75,90
97,44,90
97,77,90
97,15,90
97,52,90
97,26,90
98,37,91
98,73,91
98,10,91
98,83,91
98,20,91
98,62,91
98,88,91
98,30,91
99,40,92
99,77,92
99,78,92
99,87,92
99,26,92
99,92,92
99,29,92
99,31,92
100,40,93
100,81,93
100,21,93
100,55,93
100,88,93
100,59,93
100,92,93
100,61,93
101,96,94
101,66,94
101,38,94
101,7,94
101,40,94
101,17,94
101,19,94
101,31,94
102,75,95
102,6,95
102,72,95
102,43,95
102,82,95
102,53,95
102,28,95
102,21,95
103,37,96
103,76,96
103,78,96
103,58,96
103,31,96
103,28,96
103,90,96
103,5,96
104,64,97
104,99,97
104,81,97
104,72,97
104,40,97
104,82,97
104,87,97
104,29,97
105,38,98
105,13,98
105,77,98
105,17,98
105,20,98
105,56,98
105,92,98
105,29,98
106,11,99
106,44,99
106,45,99
106,77,99
106,79,99
106,16,99
106,17,99
106,31,99
107,3,100
107,70,100
107,8,100
107,74,100
107,76,100
107,84,100
107,22,100
107,92,100
108,35,101
108,36,101
108,74,101
108,13,101
108,15,101
108,50,101
108,92,101
108,42,101
109,68,102
109,70,102
109,42,102
109,108,102
109,15,102
109,49,102
109,22,102
109,74,102
110,97,103
110,76,103
110,20,103
110,86,103
110,23,103
110,88,103
110,61,103
110,62,103
111,3,104
111,71,104
111,13,104
111,77,104
111,82,104
111,35,104
111,62,104
111,95,104
112,70,105
112,39,105
112,108,105
112,13,105
112,19,105
112,95,105
112,61,105
112,63,105
113,65,106
113,2,106
113,67,106
113,100,106
113,11,106
113,18,106
113,86,106
113,91,106
114,101,107
114,7,107
114,46,107
114,47,107
114,54,107
114,87,107
114,28,107
114,61,107
115,101,108
115,70,108
115,73,108
115,74,108
115,113,108
115,20,108
115,57,108
115,95,108
116,83,109
116,4,109
116,6,109
116,72,109
116,14,109
116,104,109
116,19,109
116,22,109
117,97,110
117,35,110
117,8,110
117,77,110
117,45,110
117,85,110
117,55,110
117,58,110
118,99,111
118,100,111
118,104,111
118,11,111
118,109,111
118,48,111
118,40,111
118,24,111
119,35,112
119,4,112
119,101,112
119,10,112
119,16,112
119,51,112
119,88,112
119,91,112
120,71,113
120,106,113
120,43,113
120,80,113
120,20,113
120,53,113
120,56,113
120,30,113
121,65,114
121,70,114
121,39,114
121,13,114
121,15,114
121,21,114
121,27,114
121,95,114
122,6,115
122,82,115
122,79,115
122,81,115
122,18,115
122,52,115
122,57,115
122,47,115
123,101,116
123,107,116
123,111,116
123,81,116
123,85,116
123,26,116
123,92,116
123,122,116
124,2,117
124,123,117
124,74,117
124,12,117
124,24,117
124,18,117
124,88,117
124,91,117
125,36,118
125,72,118
125,112,118
125,115,118
125,54,118
125,87,118
125,100,118
125,59,118
126,37,119
126,73,119
126,79,119
126,50,119
126,53,119
126,56,119
126,59,119
126,94,119
127,67,120
127,104,120
127,75,120
127,77,120
127,45,120
127,8,120
127,114,120
127,55,120
128,97,121
128,33,121
128,72,121
128,75,121
128,77,121
128,112,121
128,54,121
128,59,121
129,75,122
129,13,122
129,109,122
129,111,122
129,56,122
129,122,122
129,15,122
129,60,122
130,100,123
130,5,123
130,74,123
130,51,123
130,56,123
130,95,123
130,92,123
130,101,123
131,96,124
131,33,124
131,101,124
131,50,124
131,20,124
131,57,124
131,124,124
131,93,124
132,98,125
132,68,125
132,69,125
132,55,125
132,2,125
132,54,125
132,23,125
132,58,125
133,103,126
133,73,126
133,7,126
133,18,126
133,121,126
133,23,126
133,25,126
133,27,126
134,34,127
134,131,127
134,4,127
134,43,127
134,80,127
134,20,127
134,23,127
134,88,127
135,64,128
135,86,128
135,78,128
135,49,128
135,62,128
135,22,128
135,123,128
135,126,128
136,1,129
136,130,129
136,99,129
136,135,129
136,13,129
136,67,129
136,89,129
136,124,129
137,98,130
137,69,130
137,102,130
137,85,130
137,134,130
137,93,130
137,62,130
137,63,130
138,131,131
138,8,131
138,13,131
138,81,131
138,18,131
138,3,131
138,85,131
138,24,131
139,34,132
139,40,132
139,73,132
139,108,132
139,110,132
139,20,132
139,24,132
139,27,132
140,33,133
140,67,133
140,86,133
140,38,133
140,44,133
140,16,133
140,54,133
140,88,133
141,66,134
141,68,134
141,103,134
141,16,134
141,87,134
141,122,134
141,123,134
141,31,134
142,96,135
142,98,135
142,37,135
142,81,135
142,115,135
142,59,135
142,62,135
142,31,135
143,98,136
143,68,136
143,70,136
143,136,136
143,43,136
143,44,136
143,80,136
143,125,136
144,64,137
144,2,137
144,73,137
144,78,137
144,118,137
144,124,137
144,125,137
144,126,137
145,35,138
145,136,138
145,46,138
145,79,138
145,81,138
145,53,138
145,119,138
145,27,138
146,135,139
146,8,139
146,140,139
146,78,139
146,123,139
146,92,139
146,94,139
146,95,139
147,37,140
147,49,140
147,42,140
147,13,140
147,142,140
147,81,140
147,21,140
147,123,140
148,19,141
148,96,141
148,115,141
148,71,141
148,104,141
148,14,141
148,113,141
148,51,141
149,128,142
149,65,142
149,35,142
149,72,142
149,42,142
149,45,142
149,67,142
149,54,142
150,96,143
150,33,143
150,40,143
150,137,143
150,42,143
150,56,143
150,120,143
150,63,143
151,101,144
151,105,144
151,10,144
151,110,144
151,117,144
151,9,144
151,122,144
151,93,144
152,97,145
152,102,145
152,81,145
152,104,145
152,11,145
152,143,145
152,40,145
152,149,145
153,74,146
153,46,146
153,113,146
153,84,146
153,120,146
153,26,146
153,30,146
153,31,146
154,33,147
154,97,147
154,108,147
154,76,147
154,16,147
154,49,147
154,18,147
154,27,147
155,96,148
155,103,148
155,41,148
155,112,148
155,19,148
155,20,148
155,24,148
155,95,148
156,101,149
156,72,149
156,140,149
156,142,149
156,49,149
156,86,149
156,151,149
156,124,149
157,41,150
157,46,150
157,143,150
157,83,150
157,52,150
157,120,150
157,148,150
157,93,150
158,97,151
158,104,151
158,13,151
158,109,151
158,146,151
158,147,151
158,53,151
158,118,151
159,129,152
159,2,152
159,102,152
159,70,152
159,139,152
159,17,152
159,83,152
159,154,152
160,37,153
160,102,153
160,72,153
160,109,153
160,80,153
160,17,153
160,21,153
160,156,153
161,100,154
161,5,154
161,104,154
161,10,154
161,43,154
161,76,154
161,145,154
161,74,154
162,161,155
162,102,155
162,33,155
162,30,155
162,54,155
162,89,155
162,155,155
162,62,155
163,32,156
163,7,156
163,106,156
163,11,156
163,76,156
163,21,156
163,90,156
163,156,156
164,162,157
164,99,157
164,70,157
164,38,157
164,137,157
164,75,157
164,142,157
164,59,157
165,106,158
165,44,158
165,110,158
165,116,158
165,142,158
165,153,158
165,91,158
165,28,158
166,43,159
166,140,159
166,110,159
166,61,159
166,148,159
166,117,159
166,29,159
166,159,159
167,32,160
167,45,160
167,14,160
167,109,160
167,49,160
167,83,160
167,122,160
167,62,160
168,4,161
168,86,161
168,137,161
168,109,161
168,141,161
168,150,161
168,58,161
168,158,161
169,39,162
169,8,162
169,76,162
169,47,162
169,144,162
169,50,162
169,124,162
169,126,162
170,2,163
170,8,163
170,156,163
170,140,163
170,28,163
170,148,163
170,57,163
170,92,163
171,132,164
171,10,164
171,76,164
171,45,164
171,46,164
171,148,164
171,153,164
171,122,164
172,128,165
172,98,165
172,54,165
172,106,165
172,11,165
172,14,165
172,86,165
172,42,165
173,19,166
173,129,166
173,131,166
173,36,166
173,71,166
173,83,166
173,149,166
173,27,166
174,97,167
174,66,167
174,37,167
174,112,167
174,17,167
174,58,167
174,59,167
174,69,167
175,32,168
175,130,168
175,69,168
175,77,168
175,47,168
175,113,168
175,51,168
175,61,168
176,161,169
176,131,169
176,70,169
176,102,169
176,170,169
176,76,169
176,113,169
176,92,169
177,97,170
177,72,170
177,106,170
177,15,170
177,8,170
177,50,170
177,57,170
177,92,170
178,7,171
178,169,171
178,74,171
178,108,171
178,14,171
178,47,171
178,114,171
178,119,171
179,162,172
179,113,172
179,168,172
179,44,172
179,145,172
179,83,172
179,118,172
179,90,172
180,64,173
180,123,173
180,37,173
180,109,173
180,35,173
180,53,173
180,55,173
180,59,173
181,160,174
181,162,174
181,42,174
181,139,174
181,78,174
181,19,174
181,46,174
181,154,174
182,128,175
182,41,175
182,46,175
182,92,175
182,105,175
182,156,175
182,61,175
182,126,175
183,99,176
183,179,176
183,144,176
183,17,176
183,19,176
183,52,176
183,182,176
183,91,176
184,160,177
184,2,177
184,35,177
184,174,177
184,148,177
184,87,177
184,58,177
184,156,177
185,68,178
185,105,178
185,13,178
185,81,178
185,117,178
185,122,178
185,156,178
185,21,178
186,1,179
186,36,179
186,39,179
186,108,179
186,172,179
186,175,179
186,150,179
186,60,179
187,130,180
187,69,180
187,44,180
187,16,180
187,83,180
187,52,180
187,184,180
187,25,180
188,134,181
188,9,181
188,148,181
188,85,181
188,169,181
188,186,181
188,28,181
188,31,181
189,160,182
189,162,182
189,81,182
189,106,182
189,171,182
189,49,182
189,55,182
189,29,182
190,2,183
190,35,183
190,36,183
190,48,183
190,145,183
190,18,183
190,148,183
190,123,183
191,33,184
191,59,184
191,42,184
191,173,184
191,87,184
191,120,184
191,27,184
191,138,184
192,36,185
192,39,185
192,40,185
192,9,185
192,115,185
192,52,185
192,185,185
192,122,185
193,128,186
193,32,186
193,4,186
193,168,186
193,140,186
193,51,186
193,25,186
193,157,186
194,65,187
194,130,187
194,33,187
194,45,187
194,18,187
194,24,187
194,58,187
194,59,187
195,3,188
195,133,188
195,70,188
195,14,188
195,145,188
195,149,188
195,57,188
195,156,188
196,177,189
196,49,189
196,150,189
196,56,189
196,185,189
196,152,189
196,88,189
196,95,189
197,32,190
197,98,190
197,195,190
197,118,190
197,7,190
197,75,190
197,150,190
197,30,190
198,64,191
198,162,191
198,71,191
198,74,191
198,146,191
198,149,191
198,26,191
198,187,191
199,49,192
199,72,192
199,75,192
199,46,192
199,145,192
199,83,192
199,55,192
199,189,192
200,2,193
200,67,193
200,71,193
200,8,193
200,18,193
200,53,193
200,59,193
200,125,193
201,193,194
201,99,194
201,108,194
201,144,194
201,54,194
201,25,194
201,59,194
201,94,194
202,193,195
202,44,195
202,174,195
202,82,195
202,190,195
202,28,195
202,78,195
202,62,195
203,96,196
203,155,196
203,171,196
203,180,196
203,120,196
203,154,196
203,27,196
203,188,196
204,3,197
204,134,197
204,166,197
204,112,197
204,99,197
204,52,197
204,87,197
204,92,197
205,97,198
205,135,198
205,104,198
205,11,198
205,110,198
205,49,198
205,23,198
205,124,198
206,193,199
206,34,199
206,195,199
206,164,199
206,109,199
206,49,199
206,178,199
206,184,199
207,42,200
207,203,200
207,108,200
207,14,200
207,48,200
207,147,200
207,157,200
207,191,200
208,164,201
208,165,201
208,18,201
208,116,201
208,30,201
208,91,201
208,92,201
208,126,201
209,193,202
209,9,202
209,23,202
209,174,202
209,80,202
209,145,202
209,55,202
209,185,202
210,71,203
210,109,203
210,16,203
210,115,203
210,52,203
210,54,203
210,154,203
210,93,203
211,6,204
211,74,204
211,203,204
211,146,204
211,21,204
211,89,204
211,125,204
211,117,204
212,166,205
212,167,205
212,168,205
212,147,205
212,116,205
212,188,205
212,62,205
212,159,205
213,194,206
213,197,206
213,103,206
213,168,206
213,109,206
213,26,206
213,29,206
213,190,206
214,161,207
214,173,207
214,78,207
214,142,207
214,22,207
214,120,207
214,90,207
214,213,207
215,34,208
215,36,208
215,165,208
215,42,208
215,95,208
215,87,208
215,91,208
215,159,208
216,96,209
216,7,209
216,104,209
216,204,209
216,143,209
216,176,209
216,117,209
216,60,209
217,165,210
217,7,210
217,140,210
217,143,210
217,182,210
217,215,210
217,88,210
217,122,210
218,131,211
218,165,211
218,198,211
218,200,211
218,202,211
218,141,211
218,51,211
218,212,211
219,33,212
219,163,212
219,75,212
219,209,212
219,114,212
219,147,212
219,154,212
219,127,212
220,131,213
220,104,213
220,169,213
220,13,213
220,146,213
220,91,213
220,190,213
220,159,213
221,128,214
221,161,214
221,32,214
221,15,214
221,81,214
221,178,214
221,185,214
221,93,214
222,173,215
222,206,215
222,176,215
222,178,215
222,180,215
222,85,215
222,90,215
222,155,215
223,6,216
223,199,216
223,40,216
223,106,216
223,16,216
223,211,216
223,212,216
223,57,216
224,130,217
224,164,217
224,101,217
224,70,217
224,17,217
224,148,217
224,22,217
224,220,217
225,73,218
225,139,218
225,50,218
225,180,218
225,54,218
225,116,218
225,219,218
225,92,218
226,34,219
226,40,219
226,137,219
226,106,219
226,207,219
226,86,219
226,154,219
226,31,219
227,3,220
227,145,220
227,110,220
227,143,220
227,113,220
227,131,220
227,55,220
227,157,220
228,192,221
228,129,221
228,166,221
228,200,221
228,19,221
228,148,221
228,21,221
228,63,221
229,3,222
229,204,222
229,172,222
229,78,222
229,143,222
229,148,222
229,121,222
229,28,222
230,2,223
230,195,223
230,102,223
230,71,223
230,113,223
230,52,223
230,186,223
230,63,223
231,98,224
231,7,224
231,200,224
231,41,224
231,139,224
231,45,224
231,46,224
231,175,224
232,130,225
232,8,225
232,169,225
232,141,225
232,208,225
232,40,225
232,153,225
232,156,225
233,165,226
233,38,226
233,206,226
233,47,226
233,26,226
233,155,226
233,61,226
233,197,226
234,129,227
234,203,227
234,104,227
234,73,227
234,43,227
234,14,227
234,82,227
234,184,227
235,160,228
235,226,228
235,229,228
235,7,228
235,106,228
235,107,228
235,205,228
235,175,228
236,141,229
236,77,229
236,29,229
236,118,229
236,90,229
236,188,229
236,125,229
236,31,229
237,33,230
237,69,230
237,167,230
237,144,230
237,178,230
237,147,230
237,22,230
237,25,230
238,65,231
238,129,231
238,201,231
238,234,231
238,174,231
238,17,231
238,21,231
238,29,231
239,196,232
239,6,232
239,233,232
239,43,232
239,140,232
239,18,232
239,82,232
239,187,232
240,2,233
240,40,233
240,205,233
240,46,233
240,16,233
240,53,233
240,26,233
240,127,233
241,82,234
241,78,234
241,15,234
241,18,234
241,148,234
241,24,234
241,122,234
241,125,234
242,130,235
242,197,235
242,73,235
242,171,235
242,49,235
242,5,235
242,189,235
242,229,235
243,135,236
243,200,236
243,106,236
243,141,236
243,14,236
243,143,236
243,53,236
243,79,236
244,129,237
244,67,237
244,36,237
244,38,237
244,46,237
244,206,237
244,56,237
244,223,237
245,1,238
245,228,238
245,5,238
245,203,238
245,176,238
245,212,238
245,22,238
245,100,238
246,84,239
246,166,239
246,235,239
246,143,239
246,20,239
246,86,239
246,25,239
246,220,239
247,64,240
247,170,240
247,43,240
247,14,240
247,147,240
247,150,240
247,188,240
247,138,240
248,192,241
248,66,241
248,69,241
248,210,241
248,185,241
248,57,241
248,154,241
248,218,241
249,3,242
249,36,242
249,40,242
249,174,242
249,48,242
249,243,242
249,86,242
249,184,242
250,199,243
250,46,243
250,79,243
250,247,243
250,89,243
250,219,243
250,220,243
250,191,243
251,192,244
251,225,244
251,226,244
251,137,244
251,237,244
251,113,244
251,245,244
251,86,244
252,228,245
252,72,245
252,141,245
252,209,245
252,151,245
252,25,245
252,28,245
252,127,245
253,129,246
253,135,246
253,139,246
253,45,246
253,177,246
253,183,246
253,189,246
253,159,246
254,200,247
254,78,247
254,146,247
254,179,247
254,149,247
254,185,247
254,219,247
254,126,247
255,231,248
255,168,248
255,7,248
255,76,248
255,81,248
255,53,248
255,153,248
255,63,248
256,130,249
256,195,249
256,135,249
256,73,249
256,66,249
256,51,249
256,24,249
256,190,249
257,1,250
257,12,250
257,78,250
257,79,250
257,146,250
257,214,250
257,151,250
257,123,250
258,256,251
258,6,251
258,23,251
258,76,251
258,207,251
258,214,251
258,215,251
258,222,251
259,229,252
259,230,252
259,135,252
259,10,252
259,181,252
259,184,252
259,91,252
259,188,252
260,67,253
260,197,253
260,42,253
260,206,253
260,15,253
260,131,253
260,148,253
260,123,253
261,32,254
261,225,254
261,2,254
261,233,254
261,83,254
261,150,254
261,186,254
261,59,254
262,97,255
262,100,255
262,65,255
262,72,255
262,234,255
262,81,255
262,18,255
262,23,255
263,129,256
263,99,256
263,36,256
263,168,256
263,171,256
263,109,256
263,111,256
263,56,256
264,96,257
264,162,257
264,6,257
264,66,257
264,13,257
264,113,257
264,50,257
264,122,257
265,33,258
265,163,258
265,71,258
265,264,258
265,103,258
265,210,258
265,118,258
265,185,258
266,96,259
266,260,259
266,168,259
266,138,259
266,79,259
266,145,259
266,83,259
266,159,259
267,193,260
267,132,260
267,167,260
267,44,260
267,181,260
267,151,260
267,90,260
267,30,260
268,97,261
268,134,261
268,74,261
268,21,261
268,15,261
268,181,261
268,60,261
268,191,261
269,163,262
269,199,262
269,136,262
269,81,262
269,19,262
269,247,262
269,57,262
269,122,262
270,67,263
270,197,263
270,167,263
270,235,263
270,213,263
270,182,263
270,217,263
270,190,263
271,64,264
271,2,264
271,171,264
271,132,264
271,265,264
271,267,264
271,240,264
271,82,264
272,96,265
272,35,265
272,103,265
272,265,265
272,107,265
272,240,265
272,149,265
272,217,265
273,225,266
273,233,266
273,234,266
273,82,266
273,242,266
273,249,266
273,123,266
273,124,266
274,225,267
274,7,267
274,141,267
274,176,267
274,177,267
274,181,267
274,189,267
274,21,267
275,67,268
275,75,268
275,76,268
275,173,268
275,270,268
275,175,268
275,87,268
275,92,268
276,256,269
276,258,269
276,263,269
276,136,269
276,105,269
276,140,269
276,113,269
276,157,269
277,128,270
277,187,270
277,262,270
277,199,270
277,150,270
277,120,270
277,90,270
277,219,270
278,256,271
278,98,271
278,6,271
278,134,271
278,71,271
278,135,271
278,142,271
278,58,271
279,33,272
279,98,272
279,197,272
279,201,272
279,47,272
279,208,272
279,50,272
279,211,272
280,16,273
280,258,273
280,262,273
280,74,273
280,80,273
280,242,273
280,21,273
280,95,273
281,160,274
281,98,274
281,13,274
281,271,274
281,113,274
281,237,274
281,148,274
281,149,274
282,211,275
282,42,275
282,75,275
282,51,275
282,248,275
282,250,275
282,155,275
282,94,275
283,226,276
283,68,276
283,200,276
283,139,276
283,108,276
283,86,276
283,282,276
283,219,276
284,97,277
284,68,277
284,135,277
284,257,277
284,242,277
284,216,277
284,58,277
284,222,277
285,1,278
285,165,278
285,166,278
285,7,278
285,40,278
285,47,278
285,104,278
285,27,278
286,192,279
286,38,279
286,7,279
286,139,279
286,274,279
286,149,279
286,119,279
286,60,279
287,139,280
287,229,280
287,267,280
287,174,280
287,242,280
287,25,280
287,93,280
287,165,280
288,200,281
288,78,281
288,271,281
288,210,281
288,181,281
288,184,281
288,154,281
288,59,281
289,257,282
289,233,282
289,265,282
289,81,282
289,41,282
289,27,282
289,28,282
289,29,282
290,133,283
290,44,283
290,17,283
290,210,283
290,149,283
290,218,283
290,286,283
290,117,283
291,66,284
291,261,284
291,173,284
291,14,284
291,176,284
291,84,284
291,181,284
291,119,284
292,272,285
292,265,285
292,74,285
292,268,285
292,141,285
292,143,285
292,208,285
292,244,285
293,39,286
293,105,286
293,30,286
293,158,286
293,182,286
293,221,286
293,286,286
293,127,286
294,131,287
294,167,287
294,136,287
294,234,287
294,276,287
294,181,287
294,215,287
294,249,287
295,33,288
295,42,288
295,140,288
295,180,288
295,56,288
295,121,288
295,285,288
295,31,288
296,128,289
296,32,289
296,295,289
296,207,289
296,47,289
296,211,289
296,123,289
296,30,289
297,256,290
297,192,290
297,196,290
297,169,290
297,234,290
297,16,290
297,91,290
297,157,290
298,64,291
298,288,291
298,65,291
298,8,291
298,138,291
298,174,291
298,270,291
298,53,291
299,283,292
299,46,292
299,239,292
299,241,292
299,117,292
299,247,292
299,153,292
299,251,292
300,80,293
300,292,293
300,272,293
300,264,293
300,236,293
300,238,293
300,208,293
300,255,293
301,224,294
301,260,294
301,231,294
301,136,294
301,138,294
301,50,294
301,283,294
301,127,294
302,195,295
302,37,295
302,300,295
302,81,295
302,53,295
302,246,295
302,87,295
302,121,295
303,64,296
303,65,296
303,106,296
303,299,296
303,50,296
303,53,296
303,121,296
303,213,296
304,256,297
304,39,297
304,266,297
304,241,297
304,277,297
304,118,297
304,247,297
304,185,297
305,293,298
305,198,298
305,103,298
305,136,298
305,10,298
305,267,298
305,150,298
305,284,298
306,261,299
306,168,299
306,9,299
306,13,299
306,174,299
306,19,299
306,27,299
306,188,299
307,97,300
307,133,300
307,12,300
307,244,300
307,120,300
307,58,300
307,283,300
307,156,300
308,97,301
308,258,301
308,136,301
308,204,301
308,172,301
308,242,301
308,211,301
308,287,301
309,1,302
309,283,302
309,6,302
309,296,302
309,202,302
309,205,302
309,269,302
309,91,302
310,132,303
310,139,303
310,146,303
310,183,303
310,251,303
310,92,303
310,29,303
310,95,303
311,292,304
311,71,304
311,172,304
311,207,304
311,82,304
311,83,304
311,276,304
311,254,304
312,196,305
312,230,305
312,234,305
312,271,305
312,179,305
312,149,305
312,121,305
312,60,305
313,162,306
313,106,306
313,45,306
313,157,306
313,211,306
313,180,306
313,42,306
313,31,306
314,36,307
314,7,307
314,264,307
314,298,307
314,140,307
314,47,307
314,219,307
314,220,307
315,224,308
315,1,308
315,195,308
315,36,308
315,298,308
315,303,308
315,49,308
315,309,308
316,195,309
316,104,309
316,76,309
316,206,309
316,210,309
316,150,309
316,218,309
316,220,309
317,66,310
317,227,310
317,199,310
317,234,310
317,113,310
317,210,310
317,281,310
317,202,310
318,1,311
318,99,311
318,225,311
318,81,311
318,116,311
318,182,311
318,279,311
318,93,311
319,34,312
319,133,312
319,166,312
319,106,312
319,114,312
319,216,312
319,314,312
319,284,312
320,161,313
320,68,313
320,167,313
320,143,313
320,177,313
320,178,313
320,180,313
320,191,313
321,161,314
321,5,314
321,203,314
321,142,314
321,146,314
321,174,314
321,248,314
321,222,314
322,262,315
322,9,315
322,13,315
322,112,315
322,179,315
322,297,315
322,249,315
322,255,315
323,65,316
323,195,316
323,45,316
323,14,316
323,271,316
323,145,316
323,121,316
323,31,316
324,259,317
324,57,317
324,99,317
324,53,317
324,23,317
324,184,317
324,185,317
324,318,317
325,64,318
325,1,318
325,170,318
325,269,318
325,205,318
325,243,318
325,278,318
325,281,318
326,6,319
326,169,319
326,50,319
326,19,319
326,20,319
326,117,319
326,247,319
326,152,319
327,296,320
327,284,320
327,203,320
327,151,320
327,78,320
327,55,320
327,219,320
327,252,320
328,203,321
328,241,321
328,115,321
328,118,321
328,119,321
328,281,321
328,29,321
328,126,321
329,324,322
329,71,322
329,268,322
329,82,322
329,245,322
329,214,322
329,26,322
329,252,322
330,96,323
330,239,323
330,113,323
330,280,323
330,282,323
330,159,323
330,61,323
330,63,323
331,193,324
331,106,324
331,274,324
331,275,324
331,117,324
331,118,324
331,25,324
331,181,324
332,97,325
332,141,325
332,109,325
332,84,325
332,21,325
332,247,325
332,207,325
332,285,325
333,192,326
333,162,326
333,195,326
333,71,326
333,9,326
333,241,326
333,114,326
333,67,326
334,195,327
334,134,327
334,168,327
334,73,327
334,143,327
334,244,327
334,123,327
334,63,327
335,193,328
335,299,328
335,207,328
335,145,328
335,152,328
335,58,328
335,303,328
335,124,328
336,168,329
336,10,329
336,238,329
336,176,329
336,178,329
336,115,329
336,280,329
336,63,329
337,225,330
337,68,330
337,327,330
337,178,330
337,17,330
337,50,330
337,184,330
337,220,330
338,228,331
338,169,331
338,266,331
338,30,331
338,121,331
338,284,331
338,253,331
338,318,331
339,289,332
339,226,332
339,198,332
339,299,332
339,204,332
339,13,332
339,109,332
339,22,332
340,1,333
340,68,333
340,72,333
340,332,333
340,48,333
340,209,333
340,179,333
340,92,333
341,130,334
341,4,334
341,102,334
341,308,334
341,10,334
341,84,334
341,89,334
341,217,334
342,113,335
342,135,335
342,139,335
342,337,335
342,306,335
342,277,335
342,188,335
342,286,335
343,288,336
343,163,336
343,103,336
343,41,336
343,303,336
343,308,336
343,279,336
343,27,336
344,192,337
344,320,337
344,3,337
344,76,337
344,210,337
344,19,337
344,89,337
344,314,337
345,160,338
345,326,338
345,41,338
345,106,338
345,305,338
345,51,338
345,60,338
345,191,338
346,193,339
346,324,339
346,135,339
346,143,339
346,337,339
346,15,339
346,209,339
346,187,339
347,96,340
347,67,340
347,36,340
347,172,340
347,174,340
347,145,340
347,312,340
347,314,340
348,320,341
348,1,341
348,34,341
348,67,341
348,170,341
348,144,341
348,115,341
348,287,341
349,258,342
349,66,342
349,10,342
349,139,342
349,172,342
349,109,342
349,179,342
349,84,342
350,160,343
350,162,343
350,167,343
350,137,343
350,76,343
350,312,343
350,59,343
350,126,343
351,96,344
351,66,344
351,304,344
351,150,344
351,154,344
351,59,344
351,28,344
351,314,344
352,320,345
352,260,345
352,199,345
352,203,345
352,15,345
352,53,345
352,86,345
352,314,345
353,283,346
353,203,346
353,180,346
353,342,346
353,123,346
353,348,346
353,61,346
353,287,346
354,353,347
354,227,347
354,340,347
354,350,347
354,23,347
354,25,347
354,59,347
354,286,347
355,289,348
355,34,348
355,264,348
355,110,348
355,111,348
355,168,348
355,314,348
355,157,348
356,96,349
356,111,349
356,208,349
356,246,349
356,56,349
356,314,349
356,157,349
356,95,349
357,138,350
357,332,350
357,49,350
357,341,350
357,310,350
357,57,350
357,155,350
357,220,350
358,251,351
358,232,351
358,16,351
358,211,351
358,346,351
358,123,351
358,124,351
358,319,351
359,33,352
359,196,352
359,141,352
359,144,352
359,115,352
359,310,352
359,58,352
359,285,352
360,228,353
360,234,353
360,44,353
360,111,353
360,113,353
360,281,353
360,349,353
360,223,353
361,65,354
361,155,354
361,164,354
361,195,354
361,135,354
361,339,354
361,147,354
361,27,354
362,294,355
362,167,355
362,108,355
362,205,355
362,79,355
362,211,355
362,348,355
362,253,355
363,84,356
363,166,356
363,299,356
363,180,356
363,343,356
363,249,356
363,187,356
363,62,356
364,166,357
364,363,357
364,273,357
364,114,357
364,83,357
364,58,357
364,187,357
364,124,357
365,358,358
365,297,358
365,14,358
365,337,358
365,18,358
365,22,358
365,311,358
365,61,358
366,67,359
366,103,359
366,233,359
366,266,359
366,301,359
366,201,359
366,249,359
366,217,359
367,209,360
367,328,360
367,238,360
367,337,360
367,309,360
367,8,360
367,343,360
367,287,360
368,321,361
368,164,361
368,72,361
368,365,361
368,239,361
368,148,361
368,342,361
368,124,361
369,288,362
369,290,362
369,259,362
369,168,362
369,368,362
369,104,362
369,308,362
369,311,362
370,260,363
370,69,363
370,358,363
370,177,363
370,43,363
370,273,363
370,318,363
370,351,363
371,98,364
371,292,364
371,49,364
371,34,364
371,241,364
371,340,364
371,344,364
371,285,364
372,279,365
372,294,365
372,171,365
372,207,365
372,272,365
372,115,365
372,342,365
372,23,365
373,224,366
373,361,366
373,370,366
373,244,366
373,119,366
373,346,366
373,252,366
373,157,366
374,1,367
374,71,367
374,267,367
374,176,367
374,17,367
374,350,367
374,336,367
374,222,367
375,99,368
375,260,368
375,327,368
375,237,368
375,176,368
375,17,368
375,308,368
375,89,368
376,353,369
376,328,369
376,329,369
376,332,369
376,112,369
376,370,369
376,188,369
376,94,369
377,67,370
377,297,370
377,236,370
377,333,370
377,50,370
377,163,370
377,375,370
377,317,370
378,96,371
378,262,371
378,177,371
378,56,371
378,87,371
378,344,371
378,249,371
378,155,371
379,320,372
379,97,372
379,40,372
379,202,372
379,78,372
379,212,372
379,22,372
379,250,372
380,96,373
380,81,373
380,177,373
380,341,373
380,278,373
380,55,373
380,56,373
380,348,373
381,33,374
381,230,374
381,81,374
381,337,374
381,313,374
381,56,374
381,217,374
381,377,374
382,160,375
382,288,375
382,230,375
382,358,375
382,140,375
382,110,375
382,304,375
382,217,375
383,64,376
383,16,376
383,162,376
383,325,376
383,45,376
383,176,376
383,344,376
383,377,376
384,290,377
384,333,377
384,175,377
384,240,377
384,148,377
384,24,377
384,281,377
384,155,377
385,66,378
385,331,378
385,329,378
385,107,378
385,13,378
385,27,378
385,220,378
385,31,378
386,226,379
386,142,379
386,157,379
386,112,379
386,213,379
386,249,379
386,125,379
386,286,379
387,289,380
387,226,380
387,195,380
387,68,380
387,238,380
387,148,380
387,373,380
387,190,380
388,198,381
388,167,381
388,78,381
388,143,381
388,241,381
388,313,381
388,127,381
388,159,381
389,363,382
389,170,382
389,23,382
389,339,382
389,86,382
389,375,382
389,24,382
389,381,382
390,352,383
390,299,383
390,12,383
390,301,383
390,142,383
390,335,383
390,23,383
390,25,383
391,226,384
391,326,384
391,41,384
391,109,384
391,368,384
391,242,384
391,120,384
391,126,384
392,163,385
392,228,385
392,362,385
392,171,385
392,142,385
392,180,385
392,187,385
392,60,385
393,130,386
393,324,386
393,265,386
393,76,386
393,177,386
393,50,386
393,283,386
393,29,386
394,290,387
394,164,387
394,325,387
394,358,387
394,231,387
394,232,387
394,169,387
394,42,387
395,321,388
395,44,388
395,238,388
395,180,388
395,86,388
395,87,388
395,24,388
395,124,388
396,230,389
396,104,389
396,303,389
396,216,389
396,18,389
396,88,389
396,89,389
396,383,389
397,294,390
397,42,390
397,172,390
397,302,390
397,113,390
397,51,390
397,311,390
397,216,390
398,390,391
398,199,391
398,45,391
398,176,391
398,54,391
398,88,391
398,90,391
398,94,391
399,32,392
399,292,392
399,6,392
399,263,392
399,364,392
399,107,392
399,332,392
399,149,392
400,195,393
400,107,393
400,177,393
400,342,393
400,247,393
400,120,393
400,156,393
400,286,393
401,6,394
401,392,394
401,76,394
401,14,394
401,48,394
401,209,394
401,306,394
401,85,394
402,258,395
402,187,395
402,247,395
402,237,395
402,371,395
402,87,395
402,379,395
402,318,395
403,192,396
403,163,396
403,70,396
403,108,396
403,173,396
403,142,396
403,51,396
403,311,396
404,129,397
404,292,397
404,329,397
404,364,397
404,399,397
404,244,397
404,41,397
404,92,397
405,96,398
405,193,398
405,228,398
405,134,398
405,363,398
405,184,398
405,246,398
405,280,398
406,128,399
406,170,399
406,395,399
406,401,399
406,312,399
406,57,399
406,59,399
406,127,399
407,2,400
407,11,400
407,268,400
407,205,400
407,48,400
407,31,400
407,222,400
407,383,400
408,165,401
408,198,401
408,71,401
408,366,401
408,306,401
408,30,401
408,154,401
408,286,401
409,192,402
409,40,402
409,44,402
409,15,402
409,275,402
409,212,402
409,87,402
409,271,402
410,39,403
410,330,403
410,366,403
410,248,403
410,58,403
410,154,403
410,126,403
410,191,403
411,226,404
411,131,404
411,242,404
411,305,404
411,210,404
411,116,404
411,410,404
411,91,404
412,388,405
412,294,405
412,295,405
412,41,405
412,182,405
412,345,405
412,90,405
412,189,405
413,225,406
413,194,406
413,355,406
413,164,406
413,40,406
413,142,406
413,181,406
413,215,406
414,160,407
414,1,407
414,125,407
414,47,407
414,83,407
414,312,407
414,221,407
414,126,407
415,96,408
415,362,408
415,304,408
415,147,408
415,308,408
415,85,408
415,343,408
415,25,408
416,160,409
416,386,409
416,365,409
416,48,409
416,153,409
416,26,409
416,188,409
416,286,409
417,104,410
417,41,410
417,268,410
417,367,410
417,392,410
417,408,410
417,217,410
417,26,410
418,262,411
418,295,411
418,140,411
418,395,411
418,76,411
418,142,411
418,16,411
418,123,411
419,387,412
419,292,412
419,294,412
419,82,412
419,16,412
419,146,412
419,51,412
419,253,412
420,356,413
420,232,413
420,137,413
420,331,413
420,241,413
420,55,413
420,89,413
420,379,413
421,161,414
421,325,414
421,397,414
421,338,414
421,115,414
421,409,414
421,58,414
421,255,414
422,33,415
422,103,415
422,329,415
422,205,415
422,116,415
422,126,415
422,408,415
422,318,415
423,129,416
423,258,416
423,356,416
423,130,416
423,241,416
423,154,416
423,188,416
423,253,416
424,161,417
424,10,417
424,12,417
424,54,417
424,376,417
424,377,417
424,346,417
424,394,417
425,384,418
425,51,418
425,260,418
425,39,418
425,332,418
425,108,418
425,339,418
425,315,418
426,39,419
426,268,419
426,272,419
426,254,419
426,407,419
426,348,419
426,286,419
426,31,419
427,229,420
427,211,420
427,72,420
427,332,420
427,79,420
427,275,420
427,88,420
427,15,420
428,259,421
428,358,421
428,139,421
428,163,421
428,313,421
428,58,421
428,220,421
428,26,421
429,81,422
429,428,422
429,237,422
429,177,422
429,306,422
429,344,422
429,378,422
429,156,422
430,387,423
430,359,423
430,8,423
430,298,423
430,300,423
430,173,423
430,346,423
430,91,423
431,258,424
431,291,424
431,132,424
431,236,424
431,174,424
431,240,424
431,382,424
431,286,424
432,293,425
432,295,425
432,267,425
432,149,425
432,248,425
432,25,425
432,284,425
432,223,425
433,323,426
433,70,426
433,391,426
433,145,426
433,146,426
433,20,426
433,378,426
433,318,426
434,160,427
434,289,427
434,42,427
434,267,427
434,300,427
434,339,427
434,374,427
434,410,427
435,300,428
435,111,428
435,84,428
435,122,428
435,410,428
435,29,428
435,286,428
435,341,428
436,416,429
436,65,429
436,99,429
436,334,429
436,399,429
436,312,429
436,249,429
436,346,429
437,133,430
437,326,430
437,40,430
437,111,430
437,213,430
437,38,430
437,221,430
437,37,430
438,128,431
438,165,431
438,333,431
438,432,431
438,118,431
438,121,431
438,122,431
438,127,431
439,66,432
439,147,432
439,303,432
439,16,432
439,338,432
439,83,432
439,132,432
439,79,432
440,385,433
440,101,433
440,40,433
440,9,433
440,394,433
440,179,433
440,245,433
440,414,433
441,32,434
441,224,434
441,76,434
441,431,434
441,435,434
441,377,434
441,26,434
441,156,434
442,32,435
442,103,435
442,73,435
442,10,435
442,364,435
442,82,435
442,61,435
442,382,435
443,355,436
443,326,436
443,307,436
443,364,436
443,335,436
443,275,436
443,276,436
443,281,436
444,385,437
444,164,437
444,5,437
444,333,437
444,49,437
444,286,437
444,324,437
444,94,437
445,354,438
445,359,438
445,9,438
445,107,438
445,179,438
445,361,438
445,376,438
445,31,438
446,353,439
446,36,439
446,311,439
446,109,439
446,117,439
446,279,439
446,25,439
446,442,439
447,321,440
447,69,440
447,9,440
447,42,440
447,112,440
447,244,440
447,249,440
447,154,440
448,68,441
448,263,441
448,78,441
448,21,441
448,441,441
448,156,441
448,317,441
448,318,441
449,65,442
449,134,442
449,92,442
449,110,442
449,246,442
449,151,442
449,27,442
449,188,442
450,99,443
450,261,443
450,74,443
450,178,443
450,147,443
450,276,443
450,123,443
450,286,443
451,394,444
451,75,444
451,207,444
451,176,444
451,306,444
451,120,444
451,443,444
451,318,444
452,193,445
452,408,445
452,326,445
452,145,445
452,17,445
452,438,445
452,216,445
452,28,445
453,390,446
453,124,446
453,203,446
453,396,446
453,141,446
453,28,446
453,213,446
453,92,446
454,37,447
454,396,447
454,48,447
454,404,447
454,247,447
454,280,447
454,185,447
454,190,447
455,354,448
455,291,448
455,324,448
455,107,448
455,430,448
455,235,448
455,284,448
455,191,448
456,258,449
456,293,449
456,198,449
456,234,449
456,115,449
456,86,449
456,62,449
456,453,449
457,97,450
457,244,450
457,53,450
457,278,450
457,217,450
457,345,450
457,348,450
457,181,450
458,2,451
458,36,451
458,6,451
458,298,451
458,142,451
458,381,451
458,138,451
458,351,451
459,32,452
459,227,452
459,294,452
459,38,452
459,295,452
459,431,452
459,405,452
459,399,452
460,6,453
460,362,453
460,334,453
460,367,453
460,152,453
460,50,453
460,120,453
460,316,453
461,226,454
461,70,454
461,168,454
461,363,454
461,79,454
461,370,454
461,151,454
461,220,454
462,167,455
462,456,455
462,76,455
462,401,455
462,433,455
462,311,455
462,412,455
462,349,455
463,32,456
463,289,456
463,196,456
463,75,456
463,367,456
463,376,456
463,88,456
463,347,456
464,272,457
464,354,457
464,328,457
464,392,457
464,270,457
464,80,457
464,337,457
464,276,457
465,320,458
465,270,458
465,176,458
465,113,458
465,51,458
465,85,458
465,87,458
465,378,458
466,416,459
466,104,459
466,426,459
466,12,459
466,210,459
466,403,459
466,28,459
466,93,459
467,385,460
467,226,460
467,198,460
467,399,460
467,112,460
467,149,460
467,410,460
467,213,460
468,33,461
468,359,461
468,361,461
468,15,461
468,183,461
468,216,461
468,25,461
468,189,461
469,278,462
469,132,462
469,374,462
469,270,462
469,367,462
469,51,462
469,310,462
469,100,462
470,69,463
470,456,463
470,299,463
470,145,463
470,341,463
470,278,463
470,445,463
470,287,463
471,162,464
471,134,464
471,231,464
471,126,464
471,281,464
471,121,464
471,218,464
471,190,464
472,97,465
472,450,465
472,243,465
472,458,465
472,235,465
472,467,465
472,410,465
472,411,465
473,162,466
473,67,466
473,329,466
473,74,466
473,396,466
473,399,466
473,58,466
473,382,466
474,320,467
474,384,467
474,386,467
474,396,467
474,80,467
474,401,467
474,280,467
474,444,467
475,256,468
475,99,468
475,391,468
475,167,468
475,460,468
475,22,468
475,247,468
475,124,468
476,388,469
476,45,469
476,366,469
476,77,469
476,401,469
476,36,469
476,47,469
476,254,469
477,64,470
477,288,470
477,452,470
477,205,470
477,446,470
477,344,470
477,125,470
477,318,470
478,130,471
478,67,471
478,230,471
478,7,471
478,232,471
478,355,471
478,53,471
478,125,471
479,226,472
479,227,472
479,103,472
479,110,472
479,270,472
479,181,472
479,376,472
479,187,472
480,132,473
480,294,473
480,395,473
480,460,473
480,83,473
480,277,473
480,86,473
480,85,473
481,297,474
481,76,474
481,51,474
481,148,474
481,470,474
481,183,474
481,377,474
481,222,474
482,416,475
482,228,475
482,389,475
482,265,475
482,75,475
482,174,475
482,143,475
482,304,475
483,64,476
483,34,476
483,136,476
483,74,476
483,462,476
483,146,476
483,371,476
483,473,476
484,390,477
484,327,477
484,232,477
484,170,477
484,231,477
484,403,477
484,468,477
484,251,477
485,1,478
485,42,478
485,78,478
485,370,478
485,147,478
485,20,478
485,142,478
485,62,478
486,160,479
486,290,479
486,326,479
486,8,479
486,394,479
486,176,479
486,92,479
486,477,479
487,225,480
487,134,480
487,449,480
487,456,480
487,299,480
487,111,480
487,336,480
487,58,480
488,161,481
488,66,481
488,331,481
488,262,481
488,167,481
488,363,481
488,82,481
488,95,481
489,227,482
489,292,482
489,293,482
489,326,482
489,45,482
489,210,482
489,211,482
489,442,482
490,65,483
490,132,483
490,169,483
490,77,483
490,113,483
490,120,483
490,220,483
490,479,483
491,156,484
491,110,484
491,285,484
491,366,484
491,121,484
491,442,484
491,476,484
491,378,484
492,7,485
492,360,485
492,234,485
492,363,485
492,85,485
492,472,485
492,250,485
492,442,485
493,163,486
493,358,486
493,394,486
493,299,486
493,396,486
493,403,486
493,404,486
493,124,486
494,66,487
494,13,487
494,333,487
494,342,487
494,216,487
494,217,487
494,317,487
494,126,487
495,160,488
495,132,488
495,357,488
495,231,488
495,107,488
495,429,488
495,335,488
495,59,488
496,133,489
496,71,489
496,426,489
496,246,489
496,471,489
496,54,489
496,62,489
496,223,489
497,167,490
497,461,490
497,242,490
497,436,490
497,350,490
497,344,490
497,190,490
497,415,490
498,325,491
498,489,491
498,268,491
498,493,491
498,47,491
498,144,491
498,121,491
498,378,491
499,292,492
499,490,492
499,439,492
499,76,492
499,270,492
499,338,492
499,87,492
499,184,492
500,37,493
500,71,493
500,169,493
500,302,493
500,381,493
500,219,493
500,92,493
500,445,493
501,482,494
501,197,494
501,139,494
501,333,494
501,463,494
501,50,494
501,244,494
501,406,494
502,194,495
502,486,495
502,366,495
502,49,495
502,436,495
502,378,495
502,221,495
502,31,495
503,259,496
503,132,496
503,358,496
503,105,496
503,333,496
503,367,496
503,370,496
503,440,496
504,416,497
504,356,497
504,330,497
504,436,497
504,437,497
504,154,497
504,477,497
504,31,497
505,257,498
505,37,498
505,392,498
505,330,498
505,203,498
505,80,498
505,306,498
505,59,498
506,483,499
506,294,499
506,424,499
506,395,499
506,396,499
506,13,499
506,348,499
506,157,499
507,390,500
507,10,500
507,429,500
507,301,500
507,274,500
507,441,500
507,122,500
507,123,500
508,192,501
508,458,501
508,25,501
508,217,501
508,410,501
508,187,501
508,381,501
508,223,501
509,202,502
509,491,502
509,140,502
509,495,502
509,402,502
509,403,502
509,246,502
509,122,502
510,197,503
510,167,503
510,172,503
510,279,503
510,282,503
510,315,503
510,317,503
510,165,503
511,427,504
511,360,504
511,267,504
511,428,504
511,431,504
511,82,504
511,222,504
511,95,504
512,162,505
512,451,505
512,364,505
512,242,505
512,401,505
512,370,505
512,187,505
512,254,505
513,356,506
513,104,506
513,362,506
513,11,506
513,208,506
513,151,506
513,420,506
513,202,506
514,36,507
514,423,507
514,328,507
514,457,507
514,174,507
514,211,507
514,506,507
514,443,507
515,208,508
515,11,508
515,398,508
515,303,508
515,336,508
515,302,508
515,438,508
515,25,508
516,484,509
516,38,509
516,134,509
516,8,509
516,138,509
516,379,509
516,476,509
516,190,509
517,417,510
517,516,510
517,459,510
517,271,510
517,337,510
517,18,510
517,315,510
517,221,510
518,192,511
518,32,511
518,227,511
518,97,511
518,139,511
518,86,511
518,504,511
518,346,511
519,162,512
519,296,512
519,499,512
519,146,512
519,275,512
519,411,512
519,124,512
519,191,512
520,448,513
520,515,513
520,228,513
520,371,513
520,310,513
520,452,513
520,60,513
520,383,513
521,36,514
521,70,514
521,200,514
521,297,514
521,15,514
521,48,514
521,88,514
521,157,514
522,359,515
522,392,515
522,202,515
522,108,515
522,335,515
522,52,515
522,149,515
522,477,515
523,256,516
523,258,516
523,233,516
523,74,516
523,303,516
523,496,516
523,57,516
523,381,516
524,69,517
524,360,517
524,329,517
524,332,517
524,205,517
524,111,517
524,309,517
524,510,517
525,385,518
525,104,518
525,119,518
525,168,518
525,435,518
525,470,518
525,23,518
525,152,518
526,515,519
526,68,519
526,232,519
526,489,519
526,107,519
526,17,519
526,182,519
526,126,519
527,224,520
527,35,520
527,38,520
527,104,520
527,464,520
527,483,520
527,186,520
527,251,520
528,451,521
528,132,521
528,326,521
528,316,521
528,496,521
528,499,521
528,342,521
528,124,521
529,354,522
529,454,522
529,455,522
529,137,522
529,108,522
529,178,522
529,401,522
529,50,522
530,396,523
530,368,523
530,305,523
530,308,523
530,149,523
530,95,523
530,318,523
530,319,523
531,103,524
531,247,524
531,498,524
531,179,524
531,52,524
531,213,524
531,119,524
531,377,524
532,226,525
532,516,525
532,40,525
532,427,525
532,300,525
532,47,525
532,91,525
532,63,525
533,137,526
533,394,526
533,398,526
533,144,526
533,243,526
533,500,526
533,119,526
533,57,526
534,193,527
534,515,527
534,198,527
534,327,527
534,457,527
534,170,527
534,117,527
534,181,527
535,448,528
535,199,528
535,519,528
535,300,528
535,301,528
535,402,528
535,86,528
535,250,528
536,384,529
536,232,529
536,491,529
536,400,529
536,340,529
536,25,529
536,91,529
536,445,529
537,514,530
537,391,530
537,365,530
537,498,530
537,409,530
537,218,530
537,91,530
537,346,530
538,288,531
538,291,531
538,458,531
538,173,531
538,207,531
538,195,531
538,377,531
538,95,531
539,260,532
539,487,532
539,296,532
539,114,532
539,144,532
539,497,532
539,466,532
539,315,532
540,437,533
540,305,533
540,245,533
540,278,533
540,247,533
540,56,533
540,475,533
540,309,533
541,226,534
541,251,534
541,379,534
541,527,534
541,400,534
541,215,534
541,347,534
541,31,534
542,224,535
542,103,535
542,104,535
542,265,535
542,174,535
542,242,535
542,53,535
542,511,535
543,224,536
543,417,536
543,514,536
543,518,536
543,297,536
543,18,536
543,500,536
543,150,536
544,66,537
544,265,537
544,493,537
544,303,537
544,439,537
544,397,537
544,155,537
544,383,537
545,353,538
545,356,538
545,263,538
545,296,538
545,268,538
545,92,538
545,93,538
545,255,538
546,396,539
546,44,539
546,467,539
546,19,539
546,533,539
546,186,539
546,123,539
546,442,539
547,81,540
547,333,540
547,365,540
547,369,540
547,405,540
547,214,540
547,376,540
547,62,540
548,147,541
548,7,541
548,520,541
548,499,541
548,21,541
548,24,541
548,228,541
548,380,541
549,354,542
549,388,542
549,39,542
549,10,542
549,496,542
549,17,542
549,311,542
549,504,542
550,229,543
550,167,543
550,489,543
550,391,543
550,78,543
550,143,543
550,187,543
550,231,543
551,2,544
551,424,544
551,173,544
551,463,544
551,306,544
551,467,544
551,374,544
551,127,544
552,388,545
552,71,545
552,425,545
552,7,545
552,407,545
552,442,545
552,28,545
552,254,545
553,384,546
553,234,546
553,108,546
553,238,546
553,113,546
553,508,546
553,541,546
553,447,546
554,195,547
554,166,547
554,231,547
554,361,547
554,207,547
554,121,547
554,283,547
554,63,547
555,35,548
555,133,548
555,204,548
555,76,548
555,270,548
555,399,548
555,241,548
555,31,548
556,454,549
556,302,549
556,400,549
556,466,549
556,374,549
556,124,549
556,189,549
556,191,549
557,288,550
557,227,550
557,548,550
557,421,550
557,81,550
557,456,550
557,8,550
557,179,550
558,99,551
558,4,551
558,423,551
558,362,551
558,459,551
558,270,551
558,248,551
558,24,551
559,66,552
559,459,552
559,452,552
559,363,552
559,305,552
559,50,552
559,437,552
559,345,552
560,229,553
560,102,553
560,7,553
560,105,553
560,362,553
560,467,553
560,155,553
560,509,553
561,40,554
561,426,554
561,494,554
561,296,554
561,372,554
561,462,554
561,510,554
561,437,554
562,203,555
562,389,555
562,488,555
562,523,555
562,300,555
562,176,555
562,337,555
562,351,555
563,360,556
563,490,556
563,299,556
563,77,556
563,401,556
563,311,556
563,442,556
563,414,556
564,196,557
564,364,557
564,300,557
564,340,557
564,414,557
564,214,557
564,442,557
564,286,557
565,561,558
565,42,558
565,15,558
565,465,558
565,115,558
565,504,558
565,409,558
565,413,558
566,321,559
566,9,559
566,10,559
566,331,559
566,271,559
566,529,559
566,201,559
566,415,559
567,259,560
567,518,560
567,458,560
567,109,560
567,13,560
567,402,560
567,55,560
567,271,560
568,322,561
568,361,561
568,334,561
568,212,561
568,213,561
568,408,561
568,441,561
568,95,561
569,160,562
569,288,562
569,134,562
569,425,562
569,396,562
569,118,562
569,540,562
569,159,562
570,384,563
570,291,563
570,394,563
570,123,563
570,53,563
570,155,563
570,509,563
570,415,563
571,455,564
571,362,564
571,11,564
571,236,564
571,50,564
571,54,564
571,279,564
571,249,564
572,290,565
572,11,565
572,100,565
572,231,565
572,327,565
572,143,565
572,25,565
572,510,565
573,354,566
573,549,566
573,18,566
573,154,566
573,123,566
573,92,566
573,445,566
573,318,566
574,265,567
574,343,567
574,141,567
574,223,567
574,495,567
574,407,567
574,95,567
574,63,567
575,320,568
575,316,568
575,206,568
575,79,568
575,564,568
575,444,568
575,29,568
575,31,568
576,544,569
576,514,569
576,202,569
576,302,569
576,529,569
576,341,569
576,90,569
576,221,569
577,225,570
577,162,570
577,11,570
577,258,570
577,558,570
577,305,570
577,308,570
577,46,570
578,67,571
578,166,571
578,358,571
578,204,571
578,451,571
578,179,571
578,477,571
578,159,571
579,66,572
579,101,572
579,391,572
579,9,572
579,273,572
579,444,572
579,317,572
579,479,572
580,387,573
580,422,573
580,429,573
580,399,573
580,497,573
580,20,573
580,566,573
580,63,573
581,347,574
581,265,574
581,14,574
581,212,574
581,309,574
581,568,574
581,500,574
581,91,574
582,51,575
582,579,575
582,196,575
582,133,575
582,553,575
582,42,575
582,83,575
582,477,575
583,65,576
583,450,576
583,123,576
583,357,576
583,454,576
583,408,576
583,473,576
583,475,576
584,448,577
584,417,577
584,67,577
584,264,577
584,224,577
584,328,577
584,566,577
584,283,577
585,266,578
585,77,578
585,207,578
585,528,578
585,211,578
585,570,578
585,476,578
585,285,578
586,147,579
586,261,579
586,13,579
586,548,579
586,48,579
586,339,579
586,87,579
586,89,579
587,226,580
587,170,580
587,44,580
587,173,580
587,14,580
587,16,580
587,274,580
587,157,580
588,513,581
588,358,581
588,331,581
588,406,581
588,280,581
588,538,581
588,251,581
588,572,581
589,98,582
589,325,582
589,74,582
589,176,582
589,568,582
589,411,582
589,380,582
589,349,582
590,224,583
590,387,583
590,6,583
590,8,583
590,234,583
590,366,583
590,18,583
590,510,583
591,579,584
591,430,584
591,207,584
591,369,584
591,67,584
591,407,584
591,24,584
591,349,584
592,354,585
592,324,585
592,390,585
592,457,585
592,492,585
592,562,585
592,553,585
592,351,585
593,97,586
593,455,586
593,393,586
593,436,586
593,183,586
593,443,586
593,125,586
593,286,586
594,36,587
594,424,587
594,202,587
594,524,587
594,143,587
594,562,587
594,183,587
594,61,587
595,226,588
595,66,588
595,104,588
595,363,588
595,365,588
595,237,588
595,180,588
595,213,588
596,581,589
596,294,589
596,109,589
596,464,589
596,214,589
596,88,589
596,443,589
596,573,589
597,194,590
597,251,590
597,39,590
597,274,590
597,89,590
597,539,590
597,60,590
597,222,590
598,321,591
598,66,591
598,209,591
598,393,591
598,77,591
598,16,591
598,497,591
598,314,591
599,36,592
599,294,592
599,231,592
599,459,592
599,49,592
599,119,592
599,445,592
599,255,592
600,98,593
600,37,593
600,595,593
600,534,593
600,375,593
600,250,593
600,443,593
600,316,593
601,33,594
601,265,594
601,47,594
601,305,594
601,530,594
601,501,594
601,495,594
601,476,594
602,291,595
602,100,595
602,486,595
602,527,595
602,464,595
602,89,595
602,572,595
602,157,595
603,32,596
603,321,596
603,194,596
603,168,596
603,494,596
603,136,596
603,246,596
603,311,596
604,432,597
604,66,597
604,419,597
604,560,597
604,179,597
604,479,597
604,475,597
604,511,597
605,32,598
605,546,598
605,69,598
605,83,598
605,563,598
605,471,598
605,381,598
605,453,598
606,225,599
606,322,599
606,458,599
606,162,599
606,430,599
606,176,599
606,568,599
606,60,599
607,236,600
607,397,600
607,302,600
607,399,600
607,145,600
607,340,600
607,565,600
607,478,600
608,449,601
608,324,601
608,321,601
608,593,601
608,307,601
608,343,601
608,475,601
608,509,601
609,451,602
609,229,602
609,167,602
609,237,602
609,590,602
609,560,602
609,598,602
609,542,602
610,513,603
610,3,603
610,70,603
610,494,603
610,463,603
610,214,603
610,153,603
610,29,603
611,461,604
611,479,604
611,242,604
611,415,604
611,310,604
611,123,604
611,125,604
611,383,604
612,515,605
612,517,605
612,393,605
612,368,605
612,275,605
612,121,605
612,442,605
612,60,605
613,66,606
613,230,606
613,294,606
613,522,606
613,461,606
613,20,606
613,88,606
613,573,606
614,225,607
614,517,607
614,301,607
614,78,607
614,369,607
614,116,607
614,502,607
614,37,607
615,546,608
615,135,608
615,462,608
615,178,608
615,500,608
615,442,608
615,574,608
615,127,608
616,35,609
616,36,609
616,327,609
616,398,609
616,529,609
616,612,609
616,380,609
616,413,609
617,291,610
617,132,610
617,613,610
617,334,610
617,111,610
617,245,610
617,600,610
617,538,610
618,226,611
618,593,611
618,200,611
618,138,611
618,367,611
618,401,611
618,82,611
618,287,611
619,482,612
619,547,612
619,5,612
619,70,612
619,397,612
619,151,612
619,126,612
619,63,612
620,101,613
620,614,613
620,43,613
620,590,613
620,178,613
620,89,613
620,287,613
620,63,613
621,289,614
621,610,614
621,99,614
621,554,614
621,556,614
621,205,614
621,239,614
621,121,614
622,68,615
622,69,615
622,484,615
622,527,615
622,306,615
622,339,615
622,280,615
622,505,615
623,196,616
623,104,616
623,183,616
623,399,616
623,208,616
623,404,616
623,23,616
623,447,616
624,356,617
624,300,617
624,107,617
624,76,617
624,622,617
624,530,617
624,123,617
624,383,617
625,194,618
625,553,618
625,162,618
625,596,618
625,217,618
625,378,618
625,508,618
625,62,618
626,224,619
626,129,619
626,35,619
626,203,619
626,221,619
626,565,619
626,279,619
626,183,619
627,551,620
627,9,620
627,493,620
627,593,620
627,307,620
627,279,620
627,250,620
627,254,620
628,298,621
628,587,621
628,620,621
628,78,621
628,116,621
628,117,621
628,430,621
628,573,621
629,256,622
629,387,622
629,261,622
629,139,622
629,515,622
629,56,622
629,253,622
629,542,622
630,162,623
630,118,623
630,170,623
630,46,623
630,430,623
630,566,623
630,569,623
630,447,623
631,64,624
631,361,624
631,330,624
631,400,624
631,23,624
631,504,624
631,153,624
631,95,624
632,322,625
632,357,625
632,265,625
632,450,625
632,21,625
632,538,625
632,155,625
632,508,625
633,512,626
633,36,626
633,37,626
633,494,626
633,434,626
633,470,626
633,375,626
633,540,626
634,289,627
634,293,627
634,358,627
634,170,627
634,299,627
634,13,627
634,269,627
634,496,627
635,544,628
635,225,628
635,200,628
635,301,628
635,405,628
635,506,628
635,603,628
635,157,628
636,188,629
636,141,629
636,270,629
636,111,629
636,433,629
636,52,629
636,24,629
636,412,629
637,516,630
637,492,630
637,334,630
637,178,630
637,565,630
637,548,630
637,123,630
637,191,630
638,496,631
638,37,631
638,39,631
638,199,631
638,269,631
638,112,631
638,115,631
638,538,631
639,133,632
639,326,632
639,103,632
639,631,632
639,51,632
639,311,632
639,633,632
639,211,632
640,544,633
640,320,633
640,483,633
640,461,633
640,113,633
640,309,633
640,566,633
640,187,633
641,418,634
641,483,634
641,79,634
641,176,634
641,147,634
641,439,634
641,604,634
641,125,634
642,129,635
642,98,635
642,9,635
642,364,635
642,495,635
642,208,635
642,466,635
642,124,635
643,5,636
643,518,636
643,243,636
643,584,636
643,556,636
643,360,636
643,371,636
643,121,636
644,164,637
644,42,637
644,492,637
644,627,637
644,20,637
644,24,637
644,532,637
644,351,637
645,582,638
645,138,638
645,173,638
645,637,638
645,120,638
645,251,638
645,10,638
645,543,638
646,98,639
646,452,639
646,197,639
646,12,639
646,564,639
646,24,639
646,282,639
646,94,639
647,513,640
647,137,640
647,12,640
647,495,640
647,369,640
647,375,640
647,317,640
647,414,640
648,615,641
648,265,641
648,526,641
648,337,641
648,565,641
648,345,641
648,602,641
648,635,641
649,67,642
649,360,642
649,12,642
649,558,642
649,104,642
649,404,642
649,312,642
649,347,642
650,70,643
650,38,643
650,71,643
650,490,643
650,307,643
650,341,643
650,90,643
650,574,643
651,264,644
651,234,644
651,459,644
651,12,644
651,244,644
651,278,644
651,349,644
651,30,644
652,448,645
652,353,645
652,72,645
652,618,645
652,171,645
652,302,645
652,19,645
652,53,645
653,160,646
653,291,646
653,10,646
653,269,646
653,369,646
653,501,646
653,542,646
653,510,646
654,416,647
654,514,647
654,169,647
654,239,647
654,440,647
654,471,647
654,376,647
654,222,647
655,448,648
655,162,648
655,285,648
655,464,648
655,314,648
655,187,648
655,221,648
655,255,648
656,544,649
656,388,649
656,203,649
656,45,649
656,143,649
656,471,649
656,484,649
656,59,649
657,160,650
657,342,650
657,12,650
657,143,650
657,244,650
657,86,650
657,631,650
657,637,650
658,8,651
658,585,651
658,651,651
658,118,651
658,151,651
658,508,651
658,477,651
658,543,651
659,441,652
659,326,652
659,500,652
659,529,652
659,180,652
659,535,652
659,436,652
659,318,652
660,482,653
660,519,653
660,585,653
660,331,653
660,364,653
660,551,653
660,375,653
660,189,653
661,417,654
661,451,654
661,462,654
661,559,654
661,432,654
661,404,654
661,341,654
661,249,654
662,386,655
662,138,655
662,50,655
662,594,655
662,212,655
662,437,655
662,600,655
662,661,655
663,132,656
663,300,656
663,74,656
663,11,656
663,460,656
663,50,656
663,117,656
663,124,656
664,544,657
664,582,657
664,103,657
664,557,657
664,430,657
664,432,657
664,210,657
664,19,657
665,641,658
665,201,658
665,173,658
665,495,658
665,432,658
665,408,658
665,379,658
665,317,658
666,548,659
666,588,659
666,463,659
666,52,659
666,345,659
666,569,659
666,253,659
666,95,659
667,294,660
667,231,660
667,362,660
667,587,660
667,556,660
667,144,660
667,24,660
667,351,660
668,387,661
668,201,661
668,301,661
668,562,661
668,446,661
668,218,661
668,606,661
668,245,661
669,416,662
669,324,662
669,264,662
669,46,662
669,528,662
669,148,662
669,334,662
669,186,662
670,576,663
670,261,663
670,340,663
670,299,663
670,140,663
670,276,663
670,57,663
670,413,663
671,326,664
671,396,664
671,141,664
671,114,664
671,403,664
671,20,664
671,312,664
671,606,664
672,374,665
672,586,665
672,107,665
672,492,665
672,333,665
672,628,665
672,182,665
672,216,665
673,545,666
673,294,666
673,553,666
673,142,666
673,560,666
673,435,666
673,440,666
673,156,666
674,256,667
674,161,667
674,230,667
674,106,667
674,82,667
674,183,667
674,602,667
674,574,667
675,256,668
675,422,668
675,391,668
675,139,668
675,463,668
675,567,668
675,508,668
675,510,668
676,289,669
676,226,669
676,484,669
676,264,669
676,299,669
676,494,669
676,538,669
676,410,669
677,98,670
677,675,670
677,485,670
677,454,670
677,362,670
677,557,670
677,54,670
677,506,670
678,546,671
678,10,671
678,524,671
678,669,671
678,144,671
678,146,671
678,378,671
678,413,671
679,164,672
679,200,672
679,306,672
679,464,672
679,658,672
679,213,672
679,25,672
679,469,672
680,71,673
680,103,673
680,333,673
680,52,673
680,85,673
680,182,673
680,632,673
680,191,673
681,480,674
681,100,674
681,102,674
681,40,674
681,363,674
681,399,674
681,51,674
681,631,674
682,675,675
682,104,675
682,74,675
682,620,675
682,510,675
682,470,675
682,286,675
682,575,675
683,618,676
683,116,676
683,341,676
683,662,676
683,276,676
683,442,676
683,667,676
683,668,676
684,197,677
684,486,677
684,359,677
684,364,677
684,204,677
684,14,677
684,149,677
684,229,677
685,449,678
685,515,678
685,100,678
685,80,678
685,147,678
685,118,678
685,452,678
685,316,678
686,355,679
686,5,679
686,71,679
686,297,679
686,234,679
686,387,679
686,123,679
686,254,679
687,320,680
687,675,680
687,228,680
687,167,680
687,252,680
687,333,680
687,643,680
687,156,680
688,656,681
688,259,681
688,268,681
688,48,681
688,534,681
688,624,681
688,284,681
688,573,681
689,130,682
689,294,682
689,428,682
689,589,682
689,286,682
689,87,682
689,281,682
689,30,682
690,295,683
690,317,683
690,656,683
690,338,683
690,628,683
690,602,683
690,507,683
690,93,683
691,165,684
691,403,684
691,15,684
691,368,684
691,689,684
691,435,684
691,247,684
691,399,684
692,673,685
692,521,685
692,487,685
692,105,685
692,426,685
692,343,685
692,345,685
692,95,685
693,97,686
693,561,686
693,492,686
693,400,686
693,657,686
693,84,686
693,254,686
693,670,686
694,99,687
694,234,687
694,334,687
694,56,687
694,342,687
694,280,687
694,57,687
694,380,687
695,676,688
695,390,688
695,425,688
695,237,688
695,429,688
695,373,688
695,474,688
695,26,688
696,491,689
696,107,689
696,237,689
696,579,689
696,483,689
696,629,689
696,343,689
696,537,689
697,417,690
697,132,690
697,135,690
697,398,690
697,368,690
697,116,690
697,545,690
697,150,690
698,387,691
698,44,691
698,623,691
698,240,691
698,566,691
698,504,691
698,285,691
698,606,691
699,448,692
699,229,692
699,71,692
699,103,692
699,460,692
699,527,692
699,467,692
699,58,692
700,65,693
700,290,693
700,580,693
700,652,693
700,208,693
700,594,693
700,184,693
700,540,693
701,196,694
701,241,694
701,73,694
701,551,694
701,433,694
701,309,694
701,516,694
701,571,694
702,576,695
702,481,695
702,36,695
702,551,695
702,138,695
702,690,695
702,24,695
702,607,695
703,481,696
703,35,696
703,325,696
703,488,696
703,534,696
703,631,696
703,91,696
703,223,696
704,160,697
704,261,697
704,38,697
704,522,697
704,588,697
704,622,697
704,21,697
704,505,697
705,576,698
705,99,698
705,652,698
705,143,698
705,273,698
705,313,698
705,25,698
705,573,698
706,545,699
706,548,699
706,6,699
706,582,699
706,391,699
706,496,699
706,50,699
706,344,699
707,680,700
707,273,700
707,564,700
707,310,700
707,600,700
707,443,700
707,124,700
707,317,700
708,387,701
708,420,701
708,519,701
708,156,701
708,406,701
708,443,701
708,220,701
708,479,701
709,262,702
709,202,702
709,306,702
709,652,702
709,626,702
709,242,702
709,405,702
709,266,702
710,416,703
710,65,703
710,706,703
710,131,703
710,497,703
710,342,703
710,153,703
710,570,703
711,480,704
711,576,704
711,612,704
711,43,704
711,664,704
711,632,704
711,474,704
711,27,704
712,226,705
712,484,705
712,684,705
712,275,705
712,310,705
712,407,705
712,540,705
712,415,705
713,315,706
713,229,706
713,328,706
713,589,706
713,535,706
713,699,706
713,572,706
713,542,706
714,451,707
714,68,707
714,37,707
714,681,707
714,493,707
714,621,707
714,306,707
714,628,707
715,256,708
715,69,708
715,134,708
715,423,708
715,337,708
715,84,708
715,349,708
715,677,708
716,6,709
716,140,709
716,45,709
716,145,709
716,690,709
716,342,709
716,284,709
716,338,709
717,614,710
717,326,710
717,646,710
717,647,710
717,493,710
717,525,710
717,81,710
717,431,710
718,646,711
718,262,711
718,461,711
718,401,711
718,214,711
718,87,711
718,153,711
718,125,711
719,707,712
719,36,712
719,361,712
719,558,712
719,241,712
719,50,712
719,122,712
719,442,712
720,197,713
720,710,713
720,7,713
720,554,713
720,646,713
720,497,713
720,598,713
720,631,713
721,256,714
721,179,714
721,204,714
721,627,714
721,534,714
721,279,714
721,602,714
721,509,714
722,483,715
722,197,715
722,166,715
722,140,715
722,14,715
722,179,715
722,59,715
722,605,715
723,296,716
723,553,716
723,77,716
723,463,716
723,403,716
723,601,716
723,284,716
723,382,716
724,36,717
724,520,717
724,41,717
724,247,717
724,623,717
724,532,717
724,617,717
724,603,717
725,484,718
725,297,718
725,143,718
725,656,718
725,689,718
725,243,718
725,282,718
725,220,718
726,65,719
726,102,719
726,503,719
726,141,719
726,367,719
726,83,719
726,407,719
726,271,719
727,261,720
727,166,720
727,455,720
727,156,720
727,267,720
727,433,720
727,348,720
727,446,720
728,65,721
728,258,721
728,678,721
728,461,721
728,241,721
728,50,721
728,539,721
728,700,721
729,3,722
729,101,722
729,451,722
729,337,722
729,707,722
729,122,722
729,413,722
729,287,722
730,545,723
730,387,723
730,65,723
730,359,723
730,265,723
730,312,723
730,665,723
730,508,723
731,641,724
731,324,724
731,5,724
731,55,724
731,719,724
731,118,724
731,697,724
731,633,724
732,161,725
732,162,725
732,551,725
732,719,725
732,241,725
732,370,725
732,601,725
732,60,725
733,416,726
733,548,726
733,423,726
733,490,726
733,656,726
733,147,726
733,234,726
733,511,726
734,193,727
734,322,727
734,70,727
734,107,727
734,590,727
734,271,727
734,436,727
734,79,727
735,710,728
735,586,728
735,172,728
735,49,728
735,244,728
735,438,728
735,476,728
735,383,728
736,132,729
736,300,729
736,30,729
736,696,729
736,89,729
736,189,729
736,318,729
736,511,729
737,417,730
737,581,730
737,335,730
737,209,730
737,599,730
737,185,730
737,187,730
737,669,730
738,295,731
738,233,731
738,173,731
738,464,731
738,565,731
738,120,731
738,509,731
738,415,731
739,583,732
739,520,732
739,330,732
739,303,732
739,178,732
739,404,732
739,535,732
739,251,732
740,738,733
740,643,733
740,644,733
740,424,733
740,172,733
740,179,733
740,469,733
740,727,733
741,480,734
741,417,734
741,449,734
741,458,734
741,135,734
741,496,734
741,343,734
741,632,734
742,512,735
742,708,735
742,422,735
742,364,735
742,557,735
742,473,735
742,346,735
742,379,735
743,387,736
743,553,736
743,713,736
743,675,736
743,534,736
743,119,736
743,380,736
743,127,736
744,66,737
744,358,737
744,651,737
744,270,737
744,207,737
744,656,737
744,339,737
744,571,737
745,227,738
745,655,738
745,465,738
745,402,738
745,596,738
745,473,738
745,476,738
745,254,738
746,641,739
746,742,739
746,257,739
746,78,739
746,407,739
746,473,739
746,634,739
746,476,739
747,290,740
747,547,740
747,615,740
747,488,740
747,170,740
747,587,740
747,186,740
747,191,740
748,167,741
748,393,741
748,140,741
748,655,741
748,432,741
748,364,741
748,540,741
748,63,741
749,672,742
749,613,742
749,298,742
749,300,742
749,173,742
749,301,742
749,243,742
749,29,742
750,679,743
750,616,743
750,396,743
750,268,743
750,461,743
750,49,743
750,246,743
750,700,743
751,228,744
751,412,744
751,653,744
751,206,744
751,717,744
751,270,744
751,440,744
751,572,744
752,651,745
752,173,745
752,590,745
752,205,745
752,625,745
752,626,745
752,597,745
752,598,745
753,704,746
753,132,746
753,70,746
753,44,746
753,685,746
753,698,746
753,507,746
753,703,746
754,581,747
754,422,747
754,456,747
754,657,747
754,405,747
754,534,747
754,473,747
754,437,747
755,363,748
755,107,748
755,657,748
755,531,748
755,502,748
755,604,748
755,222,748
755,319,748
756,580,749
756,326,749
756,38,749
756,39,749
756,44,749
756,398,749
756,541,749
756,639,749
757,717,750
757,494,750
757,719,750
757,145,750
757,725,750
757,502,750
757,124,750
757,159,750
758,65,751
758,162,751
758,257,751
758,268,751
758,240,751
758,753,751
758,530,751
758,725,751
759,384,752
759,208,752
759,334,752
759,592,752
759,543,752
759,412,752
759,702,752
759,703,752
760,379,753
760,104,753
760,201,753
760,109,753
760,686,753
760,404,753
760,206,753
760,283,753
761,98,754
761,515,754
761,395,754
761,236,754
761,209,754
761,99,754
761,536,754
761,542,754
762,640,755
762,235,755
762,491,755
762,111,755
762,115,755
762,628,755
762,566,755
762,506,755
763,488,756
763,106,756
763,49,756
763,18,756
763,181,756
763,413,756
763,542,756
763,405,756
764,193,757
764,615,757
764,647,757
764,432,757
764,594,757
764,404,757
764,151,757
764,344,757
765,70,758
765,396,758
765,211,758
765,440,758
765,345,758
765,122,758
765,315,758
765,607,758
766,673,759
766,486,759
766,584,759
766,557,759
766,497,759
766,178,759
766,659,759
766,758,759
767,643,760
767,357,760
767,72,760
767,172,760
767,746,760
767,76,760
767,16,760
767,138,760
768,449,761
768,323,761
768,331,761
768,205,761
768,306,761
768,387,761
768,472,761
768,380,761
769,64,762
769,193,762
769,324,762
769,581,762
769,392,762
769,458,762
769,435,762
769,85,762
770,769,763
770,706,763
770,515,763
770,60,763
770,725,763
770,182,763
770,761,763
770,604,763
771,225,764
771,263,764
771,232,764
771,233,764
771,436,764
771,53,764
771,24,764
771,222,764
772,328,765
772,617,765
772,555,765
772,472,765
772,55,765
772,440,765
772,120,765
772,666,765
773,355,766
773,293,766
773,524,766
773,273,766
773,50,766
773,439,766
773,537,766
773,602,766
774,357,767
774,295,767
774,137,767
774,300,767
774,590,767
774,337,767
774,153,767
774,415,767
775,35,768
775,406,768
775,109,768
775,126,768
775,54,768
775,88,768
775,187,768
775,638,768
776,548,769
776,5,769
776,81,769
776,651,769
776,753,769
776,690,769
776,29,769
776,351,769
777,197,770
777,422,770
777,647,770
777,471,770
777,206,770
777,238,770
777,503,770
777,741,770
778,418,771
778,679,771
778,301,771
778,463,771
778,368,771
778,499,771
778,91,771
778,478,771
779,352,772
779,547,772
779,420,772
779,359,772
779,200,772
779,18,772
779,118,772
779,68,772
780,416,773
780,546,773
780,484,773
780,614,773
780,209,773
780,292,773
780,732,773
780,254,773
781,296,774
781,618,774
781,599,774
781,300,774
781,727,774
781,540,774
781,62,774
781,543,774
782,358,775
782,390,775
782,395,775
782,237,775
782,624,775
782,85,775
782,278,775
782,735,775
783,743,776
783,302,776
783,303,776
783,16,776
783,401,776
783,531,776
783,534,776
783,156,776
784,644,777
784,133,777
784,362,777
784,113,777
784,50,777
784,310,777
784,506,777
784,511,777
785,741,778
785,337,778
785,623,778
785,497,778
785,465,778
785,23,778
785,539,778
785,318,778
786,450,779
786,356,779
786,198,779
786,646,779
786,206,779
786,433,779
786,569,779
786,255,779
787,579,780
787,742,780
787,231,780
787,73,780
787,302,780
787,368,780
787,469,780
787,150,780
788,128,781
788,320,781
788,451,781
788,336,781
788,147,781
788,439,781
788,56,781
788,217,781
789,65,782
789,496,782
789,372,782
789,406,782
789,218,782
789,601,782
789,602,782
789,634,782
790,738,783
790,197,783
790,8,783
790,651,783
790,173,783
790,466,783
790,434,783
790,119,783
791,322,784
791,492,784
791,399,784
791,496,784
791,566,784
791,23,784
791,344,784
791,351,784
792,33,785
792,260,785
792,790,785
792,40,785
792,270,785
792,616,785
792,691,785
792,470,785
793,578,786
793,229,786
793,518,786
793,359,786
793,488,786
793,41,786
793,443,786
793,637,786
794,716,787
794,261,787
794,168,787
794,457,787
794,138,787
794,748,787
794,562,787
794,666,787
795,354,788
795,131,788
795,166,788
795,396,788
795,270,788
795,367,788
795,542,788
795,639,788
796,99,789
796,101,789
796,742,789
796,745,789
796,654,789
796,663,789
796,358,789
796,285,789
797,657,790
797,137,790
797,334,790
797,17,790
797,498,790
797,602,790
797,571,790
797,158,790
798,688,791
798,291,791
798,773,791
798,353,791
798,73,791
798,240,791
798,213,791
798,105,791
799,323,792
799,612,792
799,677,792
799,294,792
799,618,792
799,267,792
799,782,792
799,30,792
800,365,793
800,432,793
800,433,793
800,339,793
800,629,793
800,345,793
800,698,793
800,571,793
801,551,794
801,431,794
801,688,794
801,18,794
801,405,794
801,664,794
801,207,794
801,309,794
802,544,795
802,515,795
802,518,795
802,8,795
802,650,795
802,429,795
802,271,795
802,664,795
803,9,796
803,362,796
803,299,796
803,179,796
803,372,796
803,745,796
803,184,796
803,730,796
804,321,797
804,69,797
804,552,797
804,426,797
804,495,797
804,136,797
804,595,797
804,104,797
805,418,798
805,195,798
805,677,798
805,172,798
805,529,798
805,246,798
805,631,798
805,730,798
806,4,799
806,69,799
806,6,799
806,743,799
806,48,799
806,568,799
806,184,799
806,255,799
807,224,800
807,226,800
807,644,800
807,46,800
807,661,800
807,759,800
807,698,800
807,220,800
808,261,801
808,43,801
808,492,801
808,432,801
808,625,801
808,339,801
808,442,801
808,283,801
809,579,802
809,516,802
809,427,802
809,76,802
809,116,802
809,635,802
809,316,802
809,287,802
810,419,803
810,548,803
810,361,803
810,530,803
810,52,803
810,725,803
810,154,803
810,383,803
811,448,804
811,99,804
811,132,804
811,101,804
811,10,804
811,51,804
811,724,804
811,149,804
812,576,805
812,386,805
812,388,805
812,743,805
812,199,805
812,482,805
812,112,805
812,209,805
813,2,806
813,614,806
813,202,806
813,558,806
813,784,806
813,668,806
813,413,806
813,511,806
814,771,807
814,39,807
814,364,807
814,497,807
814,211,807
814,182,807
814,635,807
814,475,807
815,388,808
815,454,808
815,207,808
815,83,808
815,407,808
815,219,808
815,444,808
815,478,808
816,673,809
816,421,809
816,193,809
816,745,809
816,331,809
816,18,809
816,661,809
816,254,809
817,387,810
817,486,810
817,743,810
817,137,810
817,277,810
817,377,810
817,508,810
817,479,810
818,645,811
818,295,811
818,72,811
818,329,811
818,682,811
818,360,811
818,594,811
818,56,811
819,168,812
819,585,812
819,779,812
819,719,812
819,240,812
819,776,812
819,276,812
819,543,812
820,805,813
820,745,813
820,685,813
820,301,813
820,433,813
820,310,813
820,280,813
820,735,813
821,512,814
821,22,814
821,136,814
821,745,814
821,622,814
821,432,814
821,814,814
821,118,814
822,297,815
822,174,815
822,208,815
822,529,815
822,212,815
822,635,815
822,764,815
822,574,815
823,41,816
823,142,816
823,404,816
823,206,816
823,119,816
823,116,816
823,92,816
823,686,816
824,224,817
824,352,817
824,229,817
824,429,817
824,590,817
824,112,817
824,755,817
824,22,817
825,768,818
825,682,818
825,781,818
825,786,818
825,126,818
825,279,818
825,606,818
825,702,818
826,2,819
826,326,819
826,39,819
826,170,819
826,334,819
826,467,819
826,693,819
826,441,819
827,677,820
827,552,820
827,777,820
827,330,820
827,714,820
827,345,820
827,634,820
827,362,820
828,704,821
828,69,821
828,458,821
828,11,821
828,564,821
828,407,821
828,252,821
828,639,821
829,228,822
829,101,822
829,587,822
829,237,822
829,676,822
829,24,822
829,196,822
829,709,822
830,522,823
830,397,823
830,206,823
830,692,823
830,341,823
830,282,823
830,571,823
830,540,823
831,449,824
831,229,824
831,78,824
831,532,824
831,696,824
831,90,824
831,379,824
831,636,824
832,648,825
832,234,825
832,44,825
832,334,825
832,344,825
832,242,825
832,120,825
832,190,825
833,512,826
833,65,826
833,296,826
833,205,826
833,785,826
833,499,826
833,246,826
833,283,826
834,803,827
834,197,827
834,9,827
834,203,827
834,670,827
834,438,827
834,189,827
834,190,827
835,640,828
835,514,828
835,645,828
835,742,828
835,615,828
835,520,828
835,218,828
835,282,828
836,480,829
836,834,829
836,643,829
836,168,829
836,654,829
836,15,829
836,495,829
836,414,829
837,515,830
837,644,830
837,679,830
837,311,830
837,398,830
837,306,830
837,726,830
837,183,830
838,587,831
838,558,831
838,15,831
838,145,831
838,242,831
838,277,831
838,315,831
838,309,831
839,98,832
839,139,832
839,50,832
839,598,832
839,23,832
839,473,832
839,283,832
839,286,832
840,320,833
840,518,833
840,76,833
840,272,833
840,309,833
840,25,833
840,250,833
840,508,833
841,123,834
841,130,834
841,515,834
841,329,834
841,307,834
841,91,834
841,220,834
841,285,834
842,483,835
842,188,835
842,749,835
842,302,835
842,719,835
842,663,835
842,472,835
842,348,835
843,650,836
843,235,836
843,109,836
843,467,836
843,531,836
843,575,836
843,637,836
843,415,836
844,353,837
844,291,837
844,485,837
844,333,837
844,83,837
844,564,837
844,662,837
844,121,837
845,512,838
845,355,838
845,4,838
845,168,838
845,46,838
845,48,838
845,535,838
845,443,838
846,627,839
846,69,839
846,139,839
846,813,839
846,590,839
846,243,839
846,820,839
846,728,839
847,834,840
847,550,840
847,845,840
847,366,840
847,205,840
847,401,840
847,152,840
847,574,840
848,400,841
848,783,841
848,144,841
848,338,841
848,468,841
848,250,841
848,27,841
848,413,841
849,98,842
849,171,842
849,364,842
849,493,842
849,273,842
849,274,842
849,21,842
849,473,842
850,193,843
850,133,843
850,329,843
850,460,843
850,82,843
850,791,843
850,826,843
850,605,843
851,770,844
851,35,844
851,779,844
851,300,844
851,578,844
851,686,844
851,792,844
851,312,844
852,738,845
852,708,845
852,101,845
852,400,845
852,691,845
852,215,845
852,185,845
852,186,845
853,704,846
853,165,846
853,519,846
853,12,846
853,395,846
853,236,846
853,117,846
853,492,846
854,616,847
854,41,847
854,715,847
854,242,847
854,818,847
854,649,847
854,698,847
854,735,847
855,803,848
855,747,848
855,844,848
855,589,848
855,819,848
855,675,848
855,214,848
855,154,848
856,583,849
856,88,849
856,276,849
856,853,849
856,248,849
856,500,849
856,539,849
856,447,849
857,3,850
857,6,850
857,588,850
857,368,850
857,307,850
857,213,850
857,759,850
857,223,850
858,160,851
858,544,851
858,484,851
858,747,851
858,654,851
858,81,851
858,825,851
858,122,851
859,161,852
859,164,852
859,326,852
859,490,852
859,203,852
859,237,852
859,45,852
859,283,852
860,800,853
860,192,853
860,631,853
860,461,853
860,14,853
860,81,853
860,434,853
860,471,853
861,259,854
861,648,854
861,43,854
861,141,854
861,653,854
861,405,854
861,591,854
861,701,854
862,706,855
862,38,855
862,354,855
862,333,855
862,114,855
862,147,855
862,84,855
862,348,855
863,353,856
863,685,856
863,573,856
863,816,856
863,561,856
863,117,856
863,125,856
863,862,856
864,68,857
864,7,857
864,330,857
864,243,857
864,506,857
864,571,857
864,156,857
864,522,857
865,449,858
865,197,858
865,559,858
865,369,858
865,788,858
865,374,858
865,763,858
865,765,858
866,704,859
866,770,859
866,332,859
866,429,859
866,846,859
866,19,859
866,536,859
866,189,859
867,194,860
867,197,860
867,334,860
867,559,860
867,504,860
867,795,860
867,252,860
867,95,860
868,259,861
868,68,861
868,14,861
868,687,861
868,753,861
868,242,861
868,629,861
868,26,861
869,577,862
869,483,862
869,325,862
869,454,862
869,394,862
869,14,862
869,518,862
869,102,862
870,352,863
870,512,863
870,742,863
870,718,863
870,17,863
870,309,863
870,342,863
870,701,863
871,64,864
871,709,864
871,204,864
871,236,864
871,206,864
871,759,864
871,569,864
871,5,864
872,1,865
872,66,865
872,133,865
872,8,865
872,748,865
872,594,865
872,123,865
872,478,865
873,226,866
873,579,866
873,649,866
873,622,866
873,400,866
873,402,866
873,757,866
873,766,866
874,608,867
874,321,867
874,259,867
874,772,867
874,812,867
874,335,867
874,828,867
874,127,867
875,160,868
875,199,868
875,200,868
875,807,868
875,684,868
875,374,868
875,729,868
875,126,868
876,683,869
876,653,869
876,15,869
876,147,869
876,665,869
876,729,869
876,122,869
876,827,869
877,867,870
877,486,870
877,230,870
877,19,870
877,116,870
877,567,870
877,312,870
877,575,870
878,705,871
878,67,871
878,390,871
878,380,871
878,682,871
878,524,871
878,494,871
878,828,871
879,555,872
879,302,872
879,847,872
879,278,872
879,471,872
879,760,872
879,90,872
879,151,872
880,450,873
880,488,873
880,482,873
880,654,873
880,113,873
880,114,873
880,628,873
880,28,873
881,483,874
881,79,874
881,656,874
881,597,874
881,791,874
881,56,874
881,314,874
881,474,874
882,741,875
882,106,875
882,171,875
882,525,875
882,631,875
882,443,875
882,413,875
882,542,875
883,864,876
883,771,876
883,325,876
883,875,876
883,878,876
883,532,876
883,696,876
883,25,876
884,3,877
884,292,877
884,333,877
884,366,877
884,146,877
884,535,877
884,574,877
884,831,877
885,867,878
885,484,878
885,554,878
885,79,878
885,723,878
885,631,878
885,314,878
885,830,878
886,545,879
886,805,879
886,775,879
886,394,879
886,398,879
886,210,879
886,249,879
886,25,879
887,610,880
887,425,880
887,557,880
887,242,880
887,626,880
887,311,880
887,187,880
887,861,880
888,624,881
888,365,881
888,461,881
888,656,881
888,447,881
888,441,881
888,443,881
888,671,881
889,609,882
889,461,882
889,495,882
889,49,882
889,371,882
889,633,882
889,635,882
889,511,882
890,612,883
890,679,883
890,39,883
890,562,883
890,692,883
890,471,883
890,601,883
890,443,883
891,768,884
891,8,884
891,239,884
891,532,884
891,472,884
891,500,884
891,763,884
891,831,884
892,7,885
892,427,885
892,268,885
892,211,885
892,629,885
892,599,885
892,668,885
892,319,885
893,517,886
893,781,886
893,46,886
893,143,886
893,593,886
893,691,886
893,238,886
893,252,886
894,640,887
894,1,887
894,838,887
894,631,887
894,762,887
894,733,887
894,414,887
894,223,887
895,659,888
895,878,888
895,431,888
895,594,888
895,179,888
895,884,888
895,309,888
895,534,888
896,576,889
896,837,889
896,519,889
896,717,889
896,724,889
896,181,889
896,404,889
896,699,889
897,455,890
897,173,890
897,814,890
897,413,890
897,216,890
897,722,890
897,184,890
897,253,890
898,483,891
898,292,891
898,362,891
898,717,891
898,883,891
898,598,891
898,667,891
898,447,891
899,864,892
899,323,892
899,772,892
899,550,892
899,582,892
899,458,892
899,250,892
899,293,892
900,897,893
900,802,893
900,524,893
900,621,893
900,206,893
900,339,893
900,21,893
900,895,893
901,256,894
901,608,894
901,451,894
901,708,894
901,81,894
901,218,894
901,572,894
901,698,894
902,644,895
902,587,895
902,79,895
902,434,895
902,826,895
902,700,895
902,794,895
902,639,895
903,612,896
903,454,896
903,73,896
903,364,896
903,373,896
903,25,896
903,538,896
903,155,896
904,16,897
904,204,897
904,11,897
904,76,897
904,496,897
904,181,897
904,503,897
904,476,897
905,418,898
905,547,898
905,684,898
905,269,898
905,879,898
905,885,898
905,559,898
905,28,898
906,165,899
906,264,899
906,16,899
906,753,899
906,883,899
906,200,899
906,734,899
906,415,899
907,736,900
907,771,900
907,840,900
907,169,900
907,843,900
907,303,900
907,401,900
907,90,900
908,386,901
908,134,901
908,650,901
908,471,901
908,684,901
908,418,901
908,855,901
908,601,901
909,455,902
909,521,902
909,395,902
909,626,902
909,276,902
909,725,902
909,153,902
909,219,902
910,678,903
910,296,903
910,267,903
910,366,903
910,336,903
910,116,903
910,701,903
910,894,903
911,2,904
911,292,904
911,743,904
911,748,904
911,834,904
911,770,904
911,604,904
911,798,904
912,7,905
912,43,905
912,846,905
912,600,905
912,50,905
912,853,905
912,280,905
912,636,905
913,517,906
913,714,906
913,524,906
913,141,906
913,893,906
913,148,906
913,661,906
913,10,906
914,388,907
914,781,907
914,270,907
914,880,907
914,114,907
914,430,907
914,670,907
914,734,907
915,904,908
915,331,908
915,556,908
915,334,908
915,368,908
915,817,908
915,727,908
915,730,908
916,867,909
916,293,909
916,326,909
916,103,909
916,233,909
916,679,909
916,432,909
916,372,909
917,194,910
917,643,910
917,69,910
917,322,910
917,469,910
917,120,910
917,410,910
917,634,910
918,352,911
918,418,911
918,323,911
918,838,911
918,909,911
918,367,911
918,431,911
918,187,911
919,421,912
919,39,912
919,655,912
919,720,912
919,24,912
919,472,912
919,668,912
919,639,912
920,256,913
920,482,913
920,810,913
920,685,913
920,173,913
920,578,913
920,22,913
920,362,913
921,488,914
921,620,914
921,328,914
921,821,914
921,694,914
921,759,914
921,602,914
921,414,914
922,835,915
922,388,915
922,839,915
922,812,915
922,366,915
922,242,915
922,435,915
922,862,915
923,5,916
923,489,916
923,170,916
923,517,916
923,590,916
923,85,916
923,735,916
923,645,916
924,33,917
924,900,917
924,904,917
924,715,917
924,368,917
924,243,917
924,464,917
924,667,917
925,737,918
925,514,918
925,6,918
925,590,918
925,914,918
925,820,918
925,334,918
925,375,918
926,672,919
926,710,919
926,840,919
926,724,919
926,629,919
926,375,919
926,250,919
926,501,919
927,742,920
927,873,920
927,907,920
927,364,920
927,108,920
927,214,920
927,9,920
927,93,920
928,552,921
928,140,921
928,848,921
928,883,921
928,532,921
928,27,921
928,830,921
928,831,921
929,673,922
929,801,922
929,520,922
929,487,922
929,114,922
929,919,922
929,441,922
929,539,922
930,290,923
930,197,923
930,779,923
930,268,923
930,110,923
930,217,923
930,122,923
930,283,923
931,481,924
931,900,924
931,327,924
931,552,924
931,716,924
931,317,924
931,730,924
931,58,924
932,480,925
932,352,925
932,875,925
932,427,925
932,335,925
932,530,925
932,473,925
932,730,925
933,160,926
933,162,926
933,392,926
933,898,926
933,793,926
933,281,926
933,730,926
933,443,926
934,897,927
934,840,927
934,46,927
934,433,927
934,786,927
934,437,927
934,86,927
934,59,927
935,749,928
935,110,928
935,313,928
935,473,928
935,314,928
935,827,928
935,444,928
935,702,928
936,929,929
936,396,929
936,497,929
936,50,929
936,151,929
936,633,929
936,93,929
936,638,929
937,257,930
937,324,930
937,39,930
937,583,930
937,676,930
937,308,930
937,708,930
937,479,930
938,934,931
938,713,931
938,303,931
938,629,931
938,474,931
938,495,931
938,412,931
938,607,931
939,679,932
939,235,932
939,108,932
939,77,932
939,402,932
939,180,932
939,281,932
939,831,932
940,515,933
940,612,933
940,37,933
940,524,933
940,779,933
940,492,933
940,46,933
940,403,933
941,929,934
941,835,934
941,616,934
941,585,934
941,10,934
941,780,934
941,240,934
941,447,934
942,128,935
942,859,935
942,662,935
942,683,935
942,47,935
942,688,935
942,86,935
942,475,935
943,100,936
943,519,936
943,680,936
943,299,936
943,334,936
943,722,936
943,789,936
943,729,936
944,481,937
944,681,937
944,847,937
944,720,937
944,659,937
944,154,937
944,591,937
944,925,937
945,937,938
945,336,938
945,817,938
945,211,938
945,916,938
945,918,938
945,727,938
945,284,938
946,16,939
946,456,939
946,234,939
946,268,939
946,592,939
946,200,939
946,407,939
946,189,939
947,225,940
947,898,940
947,837,940
947,523,940
947,498,940
947,340,940
947,702,940
947,159,940
948,418,941
948,132,941
948,73,941
948,140,941
948,884,941
948,699,941
948,92,941
948,253,941
949,353,942
949,225,942
949,329,942
949,781,942
949,306,942
949,373,942
949,157,942
949,287,942
950,556,943
950,786,943
950,271,943
950,720,943
950,370,943
950,695,943
950,924,943
950,926,943
951,97,944
951,583,944
951,200,944
951,649,944
951,522,944
951,615,944
951,277,944
951,314,944
952,129,945
952,930,945
952,454,945
952,745,945
952,882,945
952,51,945
952,605,945
952,479,945
953,672,946
953,548,946
953,935,946
953,841,946
953,103,946
953,908,946
953,336,946
953,950,946
954,672,947
954,608,947
954,389,947
954,840,947
954,655,947
954,400,947
954,309,947
954,281,947
955,835,948
955,644,948
955,167,948
955,42,948
955,941,948
955,432,948
955,562,948
955,543,948
956,772,949
956,630,949
956,54,949
956,47,949
956,275,949
956,692,949
956,438,949
956,27,949
957,386,950
957,201,950
957,460,950
957,13,950
957,591,950
957,409,950
957,476,950
957,478,950
958,193,951
958,194,951
958,870,951
958,362,951
958,107,951
958,437,951
958,823,951
958,26,951
959,458,952
959,371,952
959,435,952
959,531,952
959,756,952
959,246,952
959,567,952
959,633,952
960,364,953
960,590,953
960,241,953
960,659,953
960,598,953
960,570,953
960,189,953
960,959,953
961,933,954
961,364,954
961,690,954
961,526,954
961,242,954
961,436,954
961,153,954
961,124,954
962,592,955
962,707,955
962,301,955
962,111,955
962,496,955
962,209,955
962,62,955
962,831,955
963,676,956
963,518,956
963,958,956
963,873,956
963,592,956
963,213,956
963,381,956
963,62,956
964,385,957
964,36,957
964,359,957
964,264,957
964,105,957
964,298,957
964,659,957
964,250,957
965,864,958
965,459,958
965,557,958
965,399,958
965,21,958
965,823,958
965,923,958
965,188,958
966,70,959
966,454,959
966,137,959
966,686,959
966,689,959
966,499,959
966,927,959
966,421,959
967,166,960
967,424,960
967,495,960
967,402,960
967,148,960
967,539,960
967,892,960
967,830,960
968,769,961
968,321,961
968,74,961
968,747,961
968,304,961
968,496,961
968,310,961
968,55,961
969,165,962
969,586,962
969,427,962
969,589,962
969,783,962
969,560,962
969,700,962
969,383,962
970,576,963
970,354,963
970,388,963
970,331,963
970,910,963
970,913,963
970,530,963
970,62,963
971,615,964
971,968,964
971,750,964
971,239,964
971,414,964
971,765,964
971,382,964
971,789,964
972,961,965
972,906,965
972,846,965
972,944,965
972,181,965
972,214,965
972,888,965
972,827,965
973,832,966
973,386,966
973,841,966
973,204,966
973,873,966
973,312,966
973,860,966
973,413,966
974,225,967
974,450,967
974,323,967
974,270,967
974,755,967
974,565,967
974,471,967
974,251,967
975,288,968
975,962,968
975,283,968
975,70,968
975,327,968
975,299,968
975,443,968
975,30,968
976,896,969
976,513,969
976,107,969
976,624,969
976,850,969
976,403,969
976,436,969
976,277,969
977,840,970
977,203,970
977,243,970
977,116,970
977,597,970
977,54,970
977,409,970
977,316,970
978,782,971
978,296,971
978,522,971
978,398,971
978,181,971
978,342,971
978,506,971
978,447,971
979,768,972
979,37,972
979,817,972
979,904,972
979,625,972
979,341,972
979,23,972
979,604,972
980,355,973
980,740,973
980,718,973
980,274,973
980,899,973
980,820,973
980,246,973
980,378,973
981,162,974
981,261,974
981,230,974
981,706,974
981,654,974
981,527,974
981,307,974
981,94,974
982,203,975
982,517,975
982,171,975
982,686,975
982,725,975
982,760,975
982,314,975
982,826,975
983,721,976
983,934,976
983,519,976
983,625,976
983,51,976
983,599,976
983,858,976
983,763,976
984,960,977
984,129,977
984,105,977
984,975,977
984,945,977
984,297,977
984,697,977
984,122,977
985,544,978
985,741,978
985,454,978
985,877,978
985,784,978
985,535,978
985,506,978
985,765,978
986,869,979
986,108,979
986,542,979
986,982,979
986,121,979
986,890,979
986,828,979
986,30,979
987,416,980
987,420,980
987,903,980
987,396,980
987,272,980
987,691,980
987,952,980
987,282,980
988,484,981
988,201,981
988,656,981
988,273,981
988,852,981
988,565,981
988,536,981
988,122,981
989,418,982
989,422,982
989,17,982
989,427,982
989,88,982
989,276,982
989,184,982
989,797,982
990,35,983
990,854,983
990,712,983
990,362,983
990,141,983
990,335,983
990,694,983
990,407,983
991,100,984
991,616,984
991,842,984
991,811,984
991,592,984
991,689,984
991,164,984
991,284,984
992,323,985
992,328,985
992,457,985
992,13,985
992,579,985
992,596,985
992,991,985
992,479,985
993,3,986
993,553,986
993,268,986
993,238,986
993,818,986
993,692,986
993,78,986
993,285,986
994,610,987
994,73,987
994,924,987
994,770,987
994,593,987
994,393,987
994,283,987
994,348,987
995,162,988
995,196,988
995,231,988
995,843,988
995,204,988
995,813,988
995,912,988
995,116,988
996,327,989
996,652,989
996,876,989
996,659,989
996,916,989
996,407,989
996,792,989
996,831,989
997,545,990
997,803,990
997,324,990
997,265,990
997,714,990
997,291,990
997,521,990
997,443,990
998,293,991
998,74,991
998,843,991
998,942,991
998,50,991
998,627,991
998,814,991
998,760,991
999,130,992
999,955,992
999,137,992
999,79,992
999,503,992
999,185,992
999,347,992
999,63,992
1000,642,993
1000,941,993
1000,269,993
1000,654,993
1000,175,993
1000,784,993
1000,154,993
1000,927,993
